date,demand
2020-03-17 00:00:00,13654
2020-03-17 01:00:00,13324
2020-03-17 02:00:00,13202
2020-03-17 03:00:00,13298
2020-03-17 04:00:00,13736
2020-03-17 05:00:00,14564
2020-03-17 06:00:00,15571
2020-03-17 07:00:00,16204
2020-03-17 08:00:00,16530
2020-03-17 09:00:00,16648
2020-03-17 10:00:00,16458
2020-03-17 11:00:00,16277
2020-03-17 12:00:00,16008
2020-03-17 13:00:00,15542
2020-03-17 14:00:00,14998
2020-03-17 15:00:00,15104
2020-03-17 16:00:00,15470
2020-03-17 17:00:00,15813
2020-03-17 18:00:00,16544
2020-03-17 19:00:00,16912
2020-03-17 20:00:00,16463
2020-03-17 21:00:00,15658
2020-03-17 22:00:00,14970
2020-03-17 23:00:00,14239
2020-03-18 00:00:00,13773
2020-03-18 01:00:00,13630
2020-03-18 02:00:00,13554
2020-03-18 03:00:00,13541
2020-03-18 04:00:00,13989
2020-03-18 05:00:00,14952
2020-03-18 06:00:00,15781
2020-03-18 07:00:00,15879
2020-03-18 08:00:00,15819
2020-03-18 09:00:00,15384
2020-03-18 10:00:00,15392
2020-03-18 11:00:00,15702
2020-03-18 12:00:00,15612
2020-03-18 13:00:00,15712
2020-03-18 14:00:00,15765
2020-03-18 15:00:00,16025
2020-03-18 16:00:00,16530
2020-03-18 17:00:00,16707
2020-03-18 18:00:00,17059
2020-03-18 19:00:00,16926
2020-03-18 20:00:00,16221
2020-03-18 21:00:00,15317
2020-03-18 22:00:00,14538
2020-03-18 23:00:00,13824
2020-03-19 00:00:00,13464
2020-03-19 01:00:00,13249
2020-03-19 02:00:00,13121
2020-03-19 03:00:00,13187
2020-03-19 04:00:00,13578
2020-03-19 05:00:00,14566
2020-03-19 06:00:00,15603
2020-03-19 07:00:00,15955
2020-03-19 08:00:00,16138
2020-03-19 09:00:00,16109
2020-03-19 10:00:00,16167
2020-03-19 11:00:00,16168
2020-03-19 12:00:00,16033
2020-03-19 13:00:00,15947
2020-03-19 14:00:00,15845
2020-03-19 15:00:00,16192
2020-03-19 16:00:00,16588
2020-03-19 17:00:00,16437
2020-03-19 18:00:00,16594
2020-03-19 19:00:00,16364
2020-03-19 20:00:00,15636
2020-03-19 21:00:00,14780
2020-03-19 22:00:00,13853
2020-03-19 23:00:00,13208
2020-03-20 00:00:00,12692
2020-03-20 01:00:00,12230
2020-03-20 02:00:00,12101
2020-03-20 03:00:00,12131
2020-03-20 04:00:00,12475
2020-03-20 05:00:00,13312
2020-03-20 06:00:00,14218
2020-03-20 07:00:00,14869
2020-03-20 08:00:00,15160
2020-03-20 09:00:00,15246
2020-03-20 10:00:00,15203
2020-03-20 11:00:00,15413
2020-03-20 12:00:00,14931
2020-03-20 13:00:00,14598
2020-03-20 14:00:00,14421
2020-03-20 15:00:00,14843
2020-03-20 16:00:00,15537
2020-03-20 17:00:00,15876
2020-03-20 18:00:00,16442
2020-03-20 19:00:00,16542
2020-03-20 20:00:00,15992
2020-03-20 21:00:00,15155
2020-03-20 22:00:00,14285
2020-03-20 23:00:00,13719
2020-03-21 00:00:00,13424
2020-03-21 01:00:00,13180
2020-03-21 02:00:00,13192
2020-03-21 03:00:00,13270
2020-03-21 04:00:00,13465
2020-03-21 05:00:00,14082
2020-03-21 06:00:00,14685
2020-03-21 07:00:00,14898
2020-03-21 08:00:00,14705
2020-03-21 09:00:00,14548
2020-03-21 10:00:00,14493
2020-03-21 11:00:00,14479
2020-03-21 12:00:00,14215
2020-03-21 13:00:00,13919
2020-03-21 14:00:00,13792
2020-03-21 15:00:00,14074
2020-03-21 16:00:00,15047
2020-03-21 17:00:00,15785
2020-03-21 18:00:00,16374
2020-03-21 19:00:00,16474
2020-03-21 20:00:00,15969
2020-03-21 21:00:00,15282
2020-03-21 22:00:00,14627
2020-03-21 23:00:00,14090
2020-03-22 00:00:00,13645
2020-03-22 01:00:00,13443
2020-03-22 02:00:00,13354
2020-03-22 03:00:00,13397
2020-03-22 04:00:00,13537
2020-03-22 05:00:00,13905
2020-03-22 06:00:00,14243
2020-03-22 07:00:00,14114
2020-03-22 08:00:00,13911
2020-03-22 09:00:00,13718
2020-03-22 10:00:00,13785
2020-03-22 11:00:00,14102
2020-03-22 12:00:00,13926
2020-03-22 13:00:00,13540
2020-03-22 14:00:00,13626
2020-03-22 15:00:00,14393
2020-03-22 16:00:00,15305
2020-03-22 17:00:00,15824
2020-03-22 18:00:00,16373
2020-03-22 19:00:00,16434
2020-03-22 20:00:00,15599
2020-03-22 21:00:00,14790
2020-03-22 22:00:00,14060
2020-03-22 23:00:00,13477
2020-03-23 00:00:00,13178
2020-03-23 01:00:00,13018
2020-03-23 02:00:00,13201
2020-03-23 03:00:00,13345
2020-03-23 04:00:00,13701
2020-03-23 05:00:00,14596
2020-03-23 06:00:00,15573
2020-03-23 07:00:00,16133
2020-03-23 08:00:00,16512
2020-03-23 09:00:00,16716
2020-03-23 10:00:00,16897
2020-03-23 11:00:00,16935
2020-03-23 12:00:00,16734
2020-03-23 13:00:00,16419
2020-03-23 14:00:00,16147
2020-03-23 15:00:00,16497
2020-03-23 16:00:00,16975
2020-03-23 17:00:00,16851
2020-03-23 18:00:00,16950
2020-03-23 19:00:00,16712
2020-03-23 20:00:00,16087
2020-03-23 21:00:00,15190
2020-03-23 22:00:00,14266
2020-03-23 23:00:00,13544
2020-03-24 00:00:00,13100
2020-03-24 01:00:00,12846
2020-03-24 02:00:00,12737
2020-03-24 03:00:00,12834
2020-03-24 04:00:00,13332
2020-03-24 05:00:00,14223
2020-03-24 06:00:00,15157
2020-03-24 07:00:00,15476
2020-03-24 08:00:00,15639
2020-03-24 09:00:00,15554
2020-03-24 10:00:00,15353
2020-03-24 11:00:00,15274
2020-03-24 12:00:00,15051
2020-03-24 13:00:00,14852
2020-03-24 14:00:00,14536
2020-03-24 15:00:00,14674
2020-03-24 16:00:00,15295
2020-03-24 17:00:00,15570
2020-03-24 18:00:00,15921
2020-03-24 19:00:00,16047
2020-03-24 20:00:00,15398
2020-03-24 21:00:00,14515
2020-03-24 22:00:00,13649
2020-03-24 23:00:00,13132
2020-03-25 00:00:00,12635
2020-03-25 01:00:00,12466
2020-03-25 02:00:00,12579
2020-03-25 03:00:00,12671
2020-03-25 04:00:00,13072
2020-03-25 05:00:00,13793
2020-03-25 06:00:00,14631
2020-03-25 07:00:00,14815
2020-03-25 08:00:00,14724
2020-03-25 09:00:00,14600
2020-03-25 10:00:00,14642
2020-03-25 11:00:00,14621
2020-03-25 12:00:00,14535
2020-03-25 13:00:00,14402
2020-03-25 14:00:00,14313
2020-03-25 15:00:00,14431
2020-03-25 16:00:00,14972
2020-03-25 17:00:00,15152
2020-03-25 18:00:00,15507
2020-03-25 19:00:00,15869
2020-03-25 20:00:00,15077
2020-03-25 21:00:00,14134
2020-03-25 22:00:00,13335
2020-03-25 23:00:00,12699
2020-03-26 00:00:00,12317
2020-03-26 01:00:00,12136
2020-03-26 02:00:00,12024
2020-03-26 03:00:00,12031
2020-03-26 04:00:00,12276
2020-03-26 05:00:00,13087
2020-03-26 06:00:00,13907
2020-03-26 07:00:00,14171
2020-03-26 08:00:00,14071
2020-03-26 09:00:00,13990
2020-03-26 10:00:00,14262
2020-03-26 11:00:00,14721
2020-03-26 12:00:00,14785
2020-03-26 13:00:00,14699
2020-03-26 14:00:00,14999
2020-03-26 15:00:00,15533
2020-03-26 16:00:00,16051
2020-03-26 17:00:00,15658
2020-03-26 18:00:00,15689
2020-03-26 19:00:00,15667
2020-03-26 20:00:00,15080
2020-03-26 21:00:00,14301
2020-03-26 22:00:00,13535
2020-03-26 23:00:00,13095
2020-03-27 00:00:00,12737
2020-03-27 01:00:00,12348
2020-03-27 02:00:00,12336
2020-03-27 03:00:00,12458
2020-03-27 04:00:00,13018
2020-03-27 05:00:00,13807
2020-03-27 06:00:00,14787
2020-03-27 07:00:00,15090
2020-03-27 08:00:00,15121
2020-03-27 09:00:00,14908
2020-03-27 10:00:00,14404
2020-03-27 11:00:00,14013
2020-03-27 12:00:00,13538
2020-03-27 13:00:00,13283
2020-03-27 14:00:00,12960
2020-03-27 15:00:00,13176
2020-03-27 16:00:00,14058
2020-03-27 17:00:00,14596
2020-03-27 18:00:00,15122
2020-03-27 19:00:00,15254
2020-03-27 20:00:00,14770
2020-03-27 21:00:00,13987
2020-03-27 22:00:00,13171
2020-03-27 23:00:00,12476
2020-03-28 00:00:00,12077
2020-03-28 01:00:00,11891
2020-03-28 02:00:00,11793
2020-03-28 03:00:00,11766
2020-03-28 04:00:00,11928
2020-03-28 05:00:00,12317
2020-03-28 06:00:00,12825
2020-03-28 07:00:00,13126
2020-03-28 08:00:00,13562
2020-03-28 09:00:00,14168
2020-03-28 10:00:00,14627
2020-03-28 11:00:00,14738
2020-03-28 12:00:00,14315
2020-03-28 13:00:00,14056
2020-03-28 14:00:00,14073
2020-03-28 15:00:00,14525
2020-03-28 16:00:00,15274
2020-03-28 17:00:00,15116
2020-03-28 18:00:00,15109
2020-03-28 19:00:00,14625
2020-03-28 20:00:00,13963
2020-03-28 21:00:00,13266
2020-03-28 22:00:00,12515
2020-03-28 23:00:00,11910
2020-03-29 00:00:00,11449
2020-03-29 01:00:00,11232
2020-03-29 02:00:00,11152
2020-03-29 03:00:00,11132
2020-03-29 04:00:00,11325
2020-03-29 05:00:00,11754
2020-03-29 06:00:00,12226
2020-03-29 07:00:00,12811
2020-03-29 08:00:00,13330
2020-03-29 09:00:00,13856
2020-03-29 10:00:00,14151
2020-03-29 11:00:00,14269
2020-03-29 12:00:00,14095
2020-03-29 13:00:00,13806
2020-03-29 14:00:00,13579
2020-03-29 15:00:00,13898
2020-03-29 16:00:00,14592
2020-03-29 17:00:00,14567
2020-03-29 18:00:00,14464
2020-03-29 19:00:00,14371
2020-03-29 20:00:00,13720
2020-03-29 21:00:00,13057
2020-03-29 22:00:00,12226
2020-03-29 23:00:00,11798
2020-03-30 00:00:00,11391
2020-03-30 01:00:00,11120
2020-03-30 02:00:00,11124
2020-03-30 03:00:00,11254
2020-03-30 04:00:00,11600
2020-03-30 05:00:00,12485
2020-03-30 06:00:00,13526
2020-03-30 07:00:00,14137
2020-03-30 08:00:00,14418
2020-03-30 09:00:00,14590
2020-03-30 10:00:00,14670
2020-03-30 11:00:00,14990
2020-03-30 12:00:00,15045
2020-03-30 13:00:00,15010
2020-03-30 14:00:00,14951
2020-03-30 15:00:00,15268
2020-03-30 16:00:00,15822
2020-03-30 17:00:00,15893
2020-03-30 18:00:00,15998
2020-03-30 19:00:00,15772
2020-03-30 20:00:00,15081
2020-03-30 21:00:00,14225
2020-03-30 22:00:00,13400
2020-03-30 23:00:00,12809
2020-03-31 00:00:00,12409
2020-03-31 01:00:00,12158
2020-03-31 02:00:00,12073
2020-03-31 03:00:00,12152
2020-03-31 04:00:00,12529
2020-03-31 05:00:00,13316
2020-03-31 06:00:00,14162
2020-03-31 07:00:00,14574
2020-03-31 08:00:00,14801
2020-03-31 09:00:00,14852
2020-03-31 10:00:00,15028
2020-03-31 11:00:00,15126
2020-03-31 12:00:00,14902
2020-03-31 13:00:00,14584
2020-03-31 14:00:00,14412
2020-03-31 15:00:00,14660
2020-03-31 16:00:00,15202
2020-03-31 17:00:00,15351
2020-03-31 18:00:00,15608
2020-03-31 19:00:00,15515
2020-03-31 20:00:00,14856
2020-03-31 21:00:00,14061
2020-03-31 22:00:00,13236
2020-03-31 23:00:00,12706
2020-04-01 00:00:00,12346
2020-04-01 01:00:00,12113
2020-04-01 02:00:00,12052
2020-04-01 03:00:00,12220
2020-04-01 04:00:00,12722
2020-04-01 05:00:00,13532
2020-04-01 06:00:00,14073
2020-04-01 07:00:00,14036
2020-04-01 08:00:00,13719
2020-04-01 09:00:00,13406
2020-04-01 10:00:00,13233
2020-04-01 11:00:00,13227
2020-04-01 12:00:00,13163
2020-04-01 13:00:00,13034
2020-04-01 14:00:00,13143
2020-04-01 15:00:00,13384
2020-04-01 16:00:00,14143
2020-04-01 17:00:00,14465
2020-04-01 18:00:00,14913
2020-04-01 19:00:00,15186
2020-04-01 20:00:00,14693
2020-04-01 21:00:00,13826
2020-04-01 22:00:00,13066
2020-04-01 23:00:00,12491
2020-04-02 00:00:00,12078
2020-04-02 01:00:00,11767
2020-04-02 02:00:00,11676
2020-04-02 03:00:00,11768
2020-04-02 04:00:00,12237
2020-04-02 05:00:00,13022
2020-04-02 06:00:00,13616
2020-04-02 07:00:00,13437
2020-04-02 08:00:00,13258
2020-04-02 09:00:00,12833
2020-04-02 10:00:00,12667
2020-04-02 11:00:00,12684
2020-04-02 12:00:00,12595
2020-04-02 13:00:00,12411
2020-04-02 14:00:00,12327
2020-04-02 15:00:00,12631
2020-04-02 16:00:00,13340
2020-04-02 17:00:00,13893
2020-04-02 18:00:00,14611
2020-04-02 19:00:00,14893
2020-04-02 20:00:00,14521
2020-04-02 21:00:00,13756
2020-04-02 22:00:00,12786
2020-04-02 23:00:00,12184
2020-04-03 00:00:00,11839
2020-04-03 01:00:00,11671
2020-04-03 02:00:00,11577
2020-04-03 03:00:00,11675
2020-04-03 04:00:00,12102
2020-04-03 05:00:00,12902
2020-04-03 06:00:00,13567
2020-04-03 07:00:00,13845
2020-04-03 08:00:00,13808
2020-04-03 09:00:00,13613
2020-04-03 10:00:00,13450
2020-04-03 11:00:00,13621
2020-04-03 12:00:00,13518
2020-04-03 13:00:00,13421
2020-04-03 14:00:00,13384
2020-04-03 15:00:00,13759
2020-04-03 16:00:00,14266
2020-04-03 17:00:00,14426
2020-04-03 18:00:00,14667
2020-04-03 19:00:00,14758
2020-04-03 20:00:00,14202
2020-04-03 21:00:00,13489
2020-04-03 22:00:00,12656
2020-04-03 23:00:00,12111
2020-04-04 00:00:00,11746
2020-04-04 01:00:00,11564
2020-04-04 02:00:00,11367
2020-04-04 03:00:00,11379
2020-04-04 04:00:00,11603
2020-04-04 05:00:00,12008
2020-04-04 06:00:00,12312
2020-04-04 07:00:00,12488
2020-04-04 08:00:00,12557
2020-04-04 09:00:00,12598
2020-04-04 10:00:00,12541
2020-04-04 11:00:00,12747
2020-04-04 12:00:00,12581
2020-04-04 13:00:00,12491
2020-04-04 14:00:00,12745
2020-04-04 15:00:00,13023
2020-04-04 16:00:00,13784
2020-04-04 17:00:00,13997
2020-04-04 18:00:00,14126
2020-04-04 19:00:00,14189
2020-04-04 20:00:00,13494
2020-04-04 21:00:00,13004
2020-04-04 22:00:00,12137
2020-04-04 23:00:00,11531
2020-04-05 00:00:00,11084
2020-04-05 01:00:00,10847
2020-04-05 02:00:00,10711
2020-04-05 03:00:00,10768
2020-04-05 04:00:00,10988
2020-04-05 05:00:00,11318
2020-04-05 06:00:00,11749
2020-04-05 07:00:00,12225
2020-04-05 08:00:00,12532
2020-04-05 09:00:00,12744
2020-04-05 10:00:00,12897
2020-04-05 11:00:00,12960
2020-04-05 12:00:00,12696
2020-04-05 13:00:00,12438
2020-04-05 14:00:00,12288
2020-04-05 15:00:00,12462
2020-04-05 16:00:00,13042
2020-04-05 17:00:00,13457
2020-04-05 18:00:00,13917
2020-04-05 19:00:00,14240
2020-04-05 20:00:00,13861
2020-04-05 21:00:00,13288
2020-04-05 22:00:00,12542
2020-04-05 23:00:00,12066
2020-04-06 00:00:00,11688
2020-04-06 01:00:00,11552
2020-04-06 02:00:00,11442
2020-04-06 03:00:00,11641
2020-04-06 04:00:00,12111
2020-04-06 05:00:00,13113
2020-04-06 06:00:00,13759
2020-04-06 07:00:00,13858
2020-04-06 08:00:00,13382
2020-04-06 09:00:00,12942
2020-04-06 10:00:00,12857
2020-04-06 11:00:00,13041
2020-04-06 12:00:00,12894
2020-04-06 13:00:00,12584
2020-04-06 14:00:00,12568
2020-04-06 15:00:00,13039
2020-04-06 16:00:00,13897
2020-04-06 17:00:00,14376
2020-04-06 18:00:00,14801
2020-04-06 19:00:00,14841
2020-04-06 20:00:00,14121
2020-04-06 21:00:00,13379
2020-04-06 22:00:00,12598
2020-04-06 23:00:00,11979
2020-04-07 00:00:00,11702
2020-04-07 01:00:00,11375
2020-04-07 02:00:00,11302
2020-04-07 03:00:00,11488
2020-04-07 04:00:00,11946
2020-04-07 05:00:00,12708
2020-04-07 06:00:00,13047
2020-04-07 07:00:00,13273
2020-04-07 08:00:00,13099
2020-04-07 09:00:00,12947
2020-04-07 10:00:00,13025
2020-04-07 11:00:00,13393
2020-04-07 12:00:00,13360
2020-04-07 13:00:00,13138
2020-04-07 14:00:00,13092
2020-04-07 15:00:00,13580
2020-04-07 16:00:00,14478
2020-04-07 17:00:00,14807
2020-04-07 18:00:00,14716
2020-04-07 19:00:00,14591
2020-04-07 20:00:00,14064
2020-04-07 21:00:00,13201
2020-04-07 22:00:00,12481
2020-04-07 23:00:00,11875
2020-04-08 00:00:00,11579
2020-04-08 01:00:00,11418
2020-04-08 02:00:00,11319
2020-04-08 03:00:00,11283
2020-04-08 04:00:00,11427
2020-04-08 05:00:00,12420
2020-04-08 06:00:00,13404
2020-04-08 07:00:00,13941
2020-04-08 08:00:00,14188
2020-04-08 09:00:00,13860
2020-04-08 10:00:00,13863
2020-04-08 11:00:00,13814
2020-04-08 12:00:00,13347
2020-04-08 13:00:00,13023
2020-04-08 14:00:00,12786
2020-04-08 15:00:00,13034
2020-04-08 16:00:00,13762
2020-04-08 17:00:00,13952
2020-04-08 18:00:00,14452
2020-04-08 19:00:00,14550
2020-04-08 20:00:00,13994
2020-04-08 21:00:00,13205
2020-04-08 22:00:00,12368
2020-04-08 23:00:00,11811
2020-04-09 00:00:00,11457
2020-04-09 01:00:00,11196
2020-04-09 02:00:00,11054
2020-04-09 03:00:00,10978
2020-04-09 04:00:00,11400
2020-04-09 05:00:00,12383
2020-04-09 06:00:00,13196
2020-04-09 07:00:00,13772
2020-04-09 08:00:00,13745
2020-04-09 09:00:00,13207
2020-04-09 10:00:00,13152
2020-04-09 11:00:00,13294
2020-04-09 12:00:00,13146
2020-04-09 13:00:00,13069
2020-04-09 14:00:00,12873
2020-04-09 15:00:00,13163
2020-04-09 16:00:00,13609
2020-04-09 17:00:00,13884
2020-04-09 18:00:00,14210
2020-04-09 19:00:00,14454
2020-04-09 20:00:00,13996
2020-04-09 21:00:00,13308
2020-04-09 22:00:00,12541
2020-04-09 23:00:00,11968
2020-04-10 00:00:00,11535
2020-04-10 01:00:00,11278
2020-04-10 02:00:00,11127
2020-04-10 03:00:00,11095
2020-04-10 04:00:00,11241
2020-04-10 05:00:00,11537
2020-04-10 06:00:00,11925
2020-04-10 07:00:00,12287
2020-04-10 08:00:00,12309
2020-04-10 09:00:00,12192
2020-04-10 10:00:00,11989
2020-04-10 11:00:00,12029
2020-04-10 12:00:00,11835
2020-04-10 13:00:00,11754
2020-04-10 14:00:00,11842
2020-04-10 15:00:00,12349
2020-04-10 16:00:00,12981
2020-04-10 17:00:00,13354
2020-04-10 18:00:00,13709
2020-04-10 19:00:00,14174
2020-04-10 20:00:00,13900
2020-04-10 21:00:00,13228
2020-04-10 22:00:00,12405
2020-04-10 23:00:00,11918
2020-04-11 00:00:00,11475
2020-04-11 01:00:00,11332
2020-04-11 02:00:00,11294
2020-04-11 03:00:00,11392
2020-04-11 04:00:00,11473
2020-04-11 05:00:00,11814
2020-04-11 06:00:00,12075
2020-04-11 07:00:00,12099
2020-04-11 08:00:00,11856
2020-04-11 09:00:00,11783
2020-04-11 10:00:00,11865
2020-04-11 11:00:00,12030
2020-04-11 12:00:00,11918
2020-04-11 13:00:00,11839
2020-04-11 14:00:00,12025
2020-04-11 15:00:00,12437
2020-04-11 16:00:00,12961
2020-04-11 17:00:00,13354
2020-04-11 18:00:00,13570
2020-04-11 19:00:00,13955
2020-04-11 20:00:00,13452
2020-04-11 21:00:00,12652
2020-04-11 22:00:00,11929
2020-04-11 23:00:00,11339
2020-04-12 00:00:00,11006
2020-04-12 01:00:00,10810
2020-04-12 02:00:00,10648
2020-04-12 03:00:00,10564
2020-04-12 04:00:00,10953
2020-04-12 05:00:00,11311
2020-04-12 06:00:00,11760
2020-04-12 07:00:00,12085
2020-04-12 08:00:00,12479
2020-04-12 09:00:00,12909
2020-04-12 10:00:00,13272
2020-04-12 11:00:00,13322
2020-04-12 12:00:00,12965
2020-04-12 13:00:00,12838
2020-04-12 14:00:00,12678
2020-04-12 15:00:00,13128
2020-04-12 16:00:00,13574
2020-04-12 17:00:00,13715
2020-04-12 18:00:00,13349
2020-04-12 19:00:00,13478
2020-04-12 20:00:00,12929
2020-04-12 21:00:00,12160
2020-04-12 22:00:00,11450
2020-04-12 23:00:00,11043
2020-04-13 00:00:00,10862
2020-04-13 01:00:00,10624
2020-04-13 02:00:00,10578
2020-04-13 03:00:00,10783
2020-04-13 04:00:00,11089
2020-04-13 05:00:00,11922
2020-04-13 06:00:00,12688
2020-04-13 07:00:00,13369
2020-04-13 08:00:00,13667
2020-04-13 09:00:00,13961
2020-04-13 10:00:00,13846
2020-04-13 11:00:00,13958
2020-04-13 12:00:00,13863
2020-04-13 13:00:00,13737
2020-04-13 14:00:00,13772
2020-04-13 15:00:00,14168
2020-04-13 16:00:00,14474
2020-04-13 17:00:00,14451
2020-04-13 18:00:00,14501
2020-04-13 19:00:00,14659
2020-04-13 20:00:00,14137
2020-04-13 21:00:00,13527
2020-04-13 22:00:00,12636
2020-04-13 23:00:00,12022
2020-04-14 00:00:00,11689
2020-04-14 01:00:00,11626
2020-04-14 02:00:00,11705
2020-04-14 03:00:00,11958
2020-04-14 04:00:00,12166
2020-04-14 05:00:00,12976
2020-04-14 06:00:00,13594
2020-04-14 07:00:00,13615
2020-04-14 08:00:00,13306
2020-04-14 09:00:00,13161
2020-04-14 10:00:00,13079
2020-04-14 11:00:00,13279
2020-04-14 12:00:00,13178
2020-04-14 13:00:00,13219
2020-04-14 14:00:00,13322
2020-04-14 15:00:00,13623
2020-04-14 16:00:00,14276
2020-04-14 17:00:00,14478
2020-04-14 18:00:00,14755
2020-04-14 19:00:00,15022
2020-04-14 20:00:00,14786
2020-04-14 21:00:00,13993
2020-04-14 22:00:00,13336
2020-04-14 23:00:00,12845
2020-04-15 00:00:00,12360
2020-04-15 01:00:00,12148
2020-04-15 02:00:00,12070
2020-04-15 03:00:00,12173
2020-04-15 04:00:00,12574
2020-04-15 05:00:00,13295
2020-04-15 06:00:00,13848
2020-04-15 07:00:00,14030
2020-04-15 08:00:00,13908
2020-04-15 09:00:00,13751
2020-04-15 10:00:00,14027
2020-04-15 11:00:00,14182
2020-04-15 12:00:00,14184
2020-04-15 13:00:00,14054
2020-04-15 14:00:00,13848
2020-04-15 15:00:00,14178
2020-04-15 16:00:00,14866
2020-04-15 17:00:00,14927
2020-04-15 18:00:00,15153
2020-04-15 19:00:00,15350
2020-04-15 20:00:00,14983
2020-04-15 21:00:00,14432
2020-04-15 22:00:00,13691
2020-04-15 23:00:00,12869
2020-04-16 00:00:00,12474
2020-04-16 01:00:00,12218
2020-04-16 02:00:00,12135
2020-04-16 03:00:00,12279
2020-04-16 04:00:00,12723
2020-04-16 05:00:00,13441
2020-04-16 06:00:00,14047
2020-04-16 07:00:00,14129
2020-04-16 08:00:00,13570
2020-04-16 09:00:00,13318
2020-04-16 10:00:00,13775
2020-04-16 11:00:00,14066
2020-04-16 12:00:00,13913
2020-04-16 13:00:00,13882
2020-04-16 14:00:00,13679
2020-04-16 15:00:00,13878
2020-04-16 16:00:00,14402
2020-04-16 17:00:00,14556
2020-04-16 18:00:00,14883
2020-04-16 19:00:00,15340
2020-04-16 20:00:00,14989
2020-04-16 21:00:00,14095
2020-04-16 22:00:00,13297
2020-04-16 23:00:00,12762
2020-04-17 00:00:00,12450
2020-04-17 01:00:00,12236
2020-04-17 02:00:00,12107
2020-04-17 03:00:00,12178
2020-04-17 04:00:00,12552
2020-04-17 05:00:00,13375
2020-04-17 06:00:00,13984
2020-04-17 07:00:00,14205
2020-04-17 08:00:00,14058
2020-04-17 09:00:00,14196
2020-04-17 10:00:00,14017
2020-04-17 11:00:00,14009
2020-04-17 12:00:00,13796
2020-04-17 13:00:00,13558
2020-04-17 14:00:00,13456
2020-04-17 15:00:00,13917
2020-04-17 16:00:00,14645
2020-04-17 17:00:00,14939
2020-04-17 18:00:00,14973
2020-04-17 19:00:00,15105
2020-04-17 20:00:00,14738
2020-04-17 21:00:00,14010
2020-04-17 22:00:00,13212
2020-04-17 23:00:00,12548
2020-04-18 00:00:00,12164
2020-04-18 01:00:00,11946
2020-04-18 02:00:00,11822
2020-04-18 03:00:00,11857
2020-04-18 04:00:00,12042
2020-04-18 05:00:00,12379
2020-04-18 06:00:00,12479
2020-04-18 07:00:00,12395
2020-04-18 08:00:00,12111
2020-04-18 09:00:00,12013
2020-04-18 10:00:00,12008
2020-04-18 11:00:00,12044
2020-04-18 12:00:00,11896
2020-04-18 13:00:00,11791
2020-04-18 14:00:00,11814
2020-04-18 15:00:00,12022
2020-04-18 16:00:00,12657
2020-04-18 17:00:00,13048
2020-04-18 18:00:00,13331
2020-04-18 19:00:00,13752
2020-04-18 20:00:00,13449
2020-04-18 21:00:00,12861
2020-04-18 22:00:00,12117
2020-04-18 23:00:00,11492
2020-04-19 00:00:00,11086
2020-04-19 01:00:00,10809
2020-04-19 02:00:00,10659
2020-04-19 03:00:00,10682
2020-04-19 04:00:00,10797
2020-04-19 05:00:00,11033
2020-04-19 06:00:00,11241
2020-04-19 07:00:00,11581
2020-04-19 08:00:00,12059
2020-04-19 09:00:00,12531
2020-04-19 10:00:00,13402
2020-04-19 11:00:00,13454
2020-04-19 12:00:00,12976
2020-04-19 13:00:00,12733
2020-04-19 14:00:00,12700
2020-04-19 15:00:00,13215
2020-04-19 16:00:00,13727
2020-04-19 17:00:00,13613
2020-04-19 18:00:00,13599
2020-04-19 19:00:00,13942
2020-04-19 20:00:00,13710
2020-04-19 21:00:00,13208
2020-04-19 22:00:00,12790
2020-04-19 23:00:00,12357
2020-04-20 00:00:00,12086
2020-04-20 01:00:00,11927
2020-04-20 02:00:00,11951
2020-04-20 03:00:00,12098
2020-04-20 04:00:00,12495
2020-04-20 05:00:00,13012
2020-04-20 06:00:00,13428
2020-04-20 07:00:00,13485
2020-04-20 08:00:00,13139
2020-04-20 09:00:00,13069
2020-04-20 10:00:00,13192
2020-04-20 11:00:00,13171
2020-04-20 12:00:00,13004
2020-04-20 13:00:00,12695
2020-04-20 14:00:00,12611
2020-04-20 15:00:00,12877
2020-04-20 16:00:00,13673
2020-04-20 17:00:00,13979
2020-04-20 18:00:00,14256
2020-04-20 19:00:00,14536
2020-04-20 20:00:00,13990
2020-04-20 21:00:00,13287
2020-04-20 22:00:00,12468
2020-04-20 23:00:00,11755
2020-04-21 00:00:00,11389
2020-04-21 01:00:00,11254
2020-04-21 02:00:00,11135
2020-04-21 03:00:00,11230
2020-04-21 04:00:00,11569
2020-04-21 05:00:00,12437
2020-04-21 06:00:00,13129
2020-04-21 07:00:00,13651
2020-04-21 08:00:00,13626
2020-04-21 09:00:00,13622
2020-04-21 10:00:00,13712
2020-04-21 11:00:00,13775
2020-04-21 12:00:00,13674
2020-04-21 13:00:00,13647
2020-04-21 14:00:00,13626
2020-04-21 15:00:00,14105
2020-04-21 16:00:00,14740
2020-04-21 17:00:00,14772
2020-04-21 18:00:00,14991
2020-04-21 19:00:00,15211
2020-04-21 20:00:00,15008
2020-04-21 21:00:00,14308
2020-04-21 22:00:00,13489
2020-04-21 23:00:00,12954
2020-04-22 00:00:00,12517
2020-04-22 01:00:00,12247
2020-04-22 02:00:00,12187
2020-04-22 03:00:00,12313
2020-04-22 04:00:00,12737
2020-04-22 05:00:00,13414
2020-04-22 06:00:00,13907
2020-04-22 07:00:00,14058
2020-04-22 08:00:00,13664
2020-04-22 09:00:00,13476
2020-04-22 10:00:00,13554
2020-04-22 11:00:00,13674
2020-04-22 12:00:00,13580
2020-04-22 13:00:00,13432
2020-04-22 14:00:00,13241
2020-04-22 15:00:00,13583
2020-04-22 16:00:00,14121
2020-04-22 17:00:00,14460
2020-04-22 18:00:00,14744
2020-04-22 19:00:00,15099
2020-04-22 20:00:00,14989
2020-04-22 21:00:00,14219
2020-04-22 22:00:00,13347
2020-04-22 23:00:00,12704
2020-04-23 00:00:00,12501
2020-04-23 01:00:00,12301
2020-04-23 02:00:00,12182
2020-04-23 03:00:00,12272
2020-04-23 04:00:00,12544
2020-04-23 05:00:00,13148
2020-04-23 06:00:00,13664
2020-04-23 07:00:00,13843
2020-04-23 08:00:00,13724
2020-04-23 09:00:00,13638
2020-04-23 10:00:00,13596
2020-04-23 11:00:00,13885
2020-04-23 12:00:00,13730
2020-04-23 13:00:00,13247
2020-04-23 14:00:00,13097
2020-04-23 15:00:00,13538
2020-04-23 16:00:00,14358
2020-04-23 17:00:00,14712
2020-04-23 18:00:00,14903
2020-04-23 19:00:00,15098
2020-04-23 20:00:00,14581
2020-04-23 21:00:00,13673
2020-04-23 22:00:00,12866
2020-04-23 23:00:00,12211
2020-04-24 00:00:00,11886
2020-04-24 01:00:00,11755
2020-04-24 02:00:00,11753
2020-04-24 03:00:00,11745
2020-04-24 04:00:00,12020
2020-04-24 05:00:00,12801
2020-04-24 06:00:00,13399
2020-04-24 07:00:00,13919
2020-04-24 08:00:00,14171
2020-04-24 09:00:00,14159
2020-04-24 10:00:00,13914
2020-04-24 11:00:00,13838
2020-04-24 12:00:00,13659
2020-04-24 13:00:00,13547
2020-04-24 14:00:00,13432
2020-04-24 15:00:00,13777
2020-04-24 16:00:00,14186
2020-04-24 17:00:00,14310
2020-04-24 18:00:00,14377
2020-04-24 19:00:00,14488
2020-04-24 20:00:00,14231
2020-04-24 21:00:00,13481
2020-04-24 22:00:00,12725
2020-04-24 23:00:00,12081
2020-04-25 00:00:00,11760
2020-04-25 01:00:00,11436
2020-04-25 02:00:00,11364
2020-04-25 03:00:00,11458
2020-04-25 04:00:00,11576
2020-04-25 05:00:00,11742
2020-04-25 06:00:00,11906
2020-04-25 07:00:00,11804
2020-04-25 08:00:00,11456
2020-04-25 09:00:00,11342
2020-04-25 10:00:00,11336
2020-04-25 11:00:00,11371
2020-04-25 12:00:00,11231
2020-04-25 13:00:00,11071
2020-04-25 14:00:00,11045
2020-04-25 15:00:00,11479
2020-04-25 16:00:00,12203
2020-04-25 17:00:00,12817
2020-04-25 18:00:00,13059
2020-04-25 19:00:00,13414
2020-04-25 20:00:00,13113
2020-04-25 21:00:00,12462
2020-04-25 22:00:00,11670
2020-04-25 23:00:00,11051
2020-04-26 00:00:00,10688
2020-04-26 01:00:00,10446
2020-04-26 02:00:00,10379
2020-04-26 03:00:00,10415
2020-04-26 04:00:00,10464
2020-04-26 05:00:00,10587
2020-04-26 06:00:00,10939
2020-04-26 07:00:00,11424
2020-04-26 08:00:00,11836
2020-04-26 09:00:00,11986
2020-04-26 10:00:00,12195
2020-04-26 11:00:00,12338
2020-04-26 12:00:00,12223
2020-04-26 13:00:00,12150
2020-04-26 14:00:00,12207
2020-04-26 15:00:00,12611
2020-04-26 16:00:00,13244
2020-04-26 17:00:00,13399
2020-04-26 18:00:00,13566
2020-04-26 19:00:00,13801
2020-04-26 20:00:00,13568
2020-04-26 21:00:00,12916
2020-04-26 22:00:00,12245
2020-04-26 23:00:00,11701
2020-04-27 00:00:00,11297
2020-04-27 01:00:00,11163
2020-04-27 02:00:00,11112
2020-04-27 03:00:00,11254
2020-04-27 04:00:00,11545
2020-04-27 05:00:00,12167
2020-04-27 06:00:00,12776
2020-04-27 07:00:00,13070
2020-04-27 08:00:00,12802
2020-04-27 09:00:00,12572
2020-04-27 10:00:00,12451
2020-04-27 11:00:00,12391
2020-04-27 12:00:00,12354
2020-04-27 13:00:00,12213
2020-04-27 14:00:00,12276
2020-04-27 15:00:00,12667
2020-04-27 16:00:00,13173
2020-04-27 17:00:00,13400
2020-04-27 18:00:00,13665
2020-04-27 19:00:00,13973
2020-04-27 20:00:00,13776
2020-04-27 21:00:00,13142
2020-04-27 22:00:00,12343
2020-04-27 23:00:00,11433
2020-04-28 00:00:00,11111
2020-04-28 01:00:00,10863
2020-04-28 02:00:00,10833
2020-04-28 03:00:00,10832
2020-04-28 04:00:00,11225
2020-04-28 05:00:00,11987
2020-04-28 06:00:00,12770
2020-04-28 07:00:00,13197
2020-04-28 08:00:00,13218
2020-04-28 09:00:00,13401
2020-04-28 10:00:00,13512
2020-04-28 11:00:00,13658
2020-04-28 12:00:00,13041
2020-04-28 13:00:00,12711
2020-04-28 14:00:00,12745
2020-04-28 15:00:00,13079
2020-04-28 16:00:00,13573
2020-04-28 17:00:00,13659
2020-04-28 18:00:00,13673
2020-04-28 19:00:00,13873
2020-04-28 20:00:00,13535
2020-04-28 21:00:00,12670
2020-04-28 22:00:00,11908
2020-04-28 23:00:00,11291
2020-04-29 00:00:00,11016
2020-04-29 01:00:00,10733
2020-04-29 02:00:00,10629
2020-04-29 03:00:00,10737
2020-04-29 04:00:00,11060
2020-04-29 05:00:00,11632
2020-04-29 06:00:00,12290
2020-04-29 07:00:00,12918
2020-04-29 08:00:00,13167
2020-04-29 09:00:00,13451
2020-04-29 10:00:00,13602
2020-04-29 11:00:00,13769
2020-04-29 12:00:00,13653
2020-04-29 13:00:00,13676
2020-04-29 14:00:00,13612
2020-04-29 15:00:00,13912
2020-04-29 16:00:00,14634
2020-04-29 17:00:00,14235
2020-04-29 18:00:00,14029
2020-04-29 19:00:00,14093
2020-04-29 20:00:00,13642
2020-04-29 21:00:00,12869
2020-04-29 22:00:00,12140
2020-04-29 23:00:00,11591
2020-04-30 00:00:00,11071
2020-04-30 01:00:00,10866
2020-04-30 02:00:00,10849
2020-04-30 03:00:00,10838
2020-04-30 04:00:00,11054
2020-04-30 05:00:00,11706
2020-04-30 06:00:00,12592
2020-04-30 07:00:00,13411
2020-04-30 08:00:00,13839
2020-04-30 09:00:00,14240
2020-04-30 10:00:00,14478
2020-04-30 11:00:00,14565
2020-04-30 12:00:00,14160
2020-04-30 13:00:00,13854
2020-04-30 14:00:00,13757
2020-04-30 15:00:00,13874
2020-04-30 16:00:00,14094
2020-04-30 17:00:00,14031
2020-04-30 18:00:00,13991
2020-04-30 19:00:00,14121
2020-04-30 20:00:00,13846
2020-04-30 21:00:00,13001
2020-04-30 22:00:00,12106
2020-04-30 23:00:00,11404
2020-05-01 00:00:00,11017
2020-05-01 01:00:00,10664
2020-05-01 02:00:00,10554
2020-05-01 03:00:00,10701
2020-05-01 04:00:00,10930
2020-05-01 05:00:00,11511
2020-05-01 06:00:00,12164
2020-05-01 07:00:00,12670
2020-05-01 08:00:00,12925
2020-05-01 09:00:00,12976
2020-05-01 10:00:00,12802
2020-05-01 11:00:00,12726
2020-05-01 12:00:00,12419
2020-05-01 13:00:00,12065
2020-05-01 14:00:00,11679
2020-05-01 15:00:00,11775
2020-05-01 16:00:00,12414
2020-05-01 17:00:00,12877
2020-05-01 18:00:00,13246
2020-05-01 19:00:00,13588
2020-05-01 20:00:00,13417
2020-05-01 21:00:00,12885
2020-05-01 22:00:00,12128
2020-05-01 23:00:00,11498
2020-05-02 00:00:00,10904
2020-05-02 01:00:00,10650
2020-05-02 02:00:00,10502
2020-05-02 03:00:00,10460
2020-05-02 04:00:00,10528
2020-05-02 05:00:00,10638
2020-05-02 06:00:00,10843
2020-05-02 07:00:00,10966
2020-05-02 08:00:00,11085
2020-05-02 09:00:00,11278
2020-05-02 10:00:00,11610
2020-05-02 11:00:00,11837
2020-05-02 12:00:00,11472
2020-05-02 13:00:00,11593
2020-05-02 14:00:00,11939
2020-05-02 15:00:00,12507
2020-05-02 16:00:00,13174
2020-05-02 17:00:00,13325
2020-05-02 18:00:00,13282
2020-05-02 19:00:00,13282
2020-05-02 20:00:00,12724
2020-05-02 21:00:00,12034
2020-05-02 22:00:00,11374
2020-05-02 23:00:00,10946
2020-05-03 00:00:00,10654
2020-05-03 01:00:00,10405
2020-05-03 02:00:00,10402
2020-05-03 03:00:00,10396
2020-05-03 04:00:00,10364
2020-05-03 05:00:00,10329
2020-05-03 06:00:00,10421
2020-05-03 07:00:00,10606
2020-05-03 08:00:00,10643
2020-05-03 09:00:00,10799
2020-05-03 10:00:00,10985
2020-05-03 11:00:00,10947
2020-05-03 12:00:00,10776
2020-05-03 13:00:00,10683
2020-05-03 14:00:00,10751
2020-05-03 15:00:00,11184
2020-05-03 16:00:00,12212
2020-05-03 17:00:00,12670
2020-05-03 18:00:00,12765
2020-05-03 19:00:00,12908
2020-05-03 20:00:00,12809
2020-05-03 21:00:00,12189
2020-05-03 22:00:00,11340
2020-05-03 23:00:00,10681
2020-05-04 00:00:00,10467
2020-05-04 01:00:00,10389
2020-05-04 02:00:00,10459
2020-05-04 03:00:00,10512
2020-05-04 04:00:00,10750
2020-05-04 05:00:00,11314
2020-05-04 06:00:00,12215
2020-05-04 07:00:00,12882
2020-05-04 08:00:00,13175
2020-05-04 09:00:00,13253
2020-05-04 10:00:00,13304
2020-05-04 11:00:00,13302
2020-05-04 12:00:00,12633
2020-05-04 13:00:00,12464
2020-05-04 14:00:00,12249
2020-05-04 15:00:00,12510
2020-05-04 16:00:00,13244
2020-05-04 17:00:00,13376
2020-05-04 18:00:00,13844
2020-05-04 19:00:00,14187
2020-05-04 20:00:00,14171
2020-05-04 21:00:00,13265
2020-05-04 22:00:00,12577
2020-05-04 23:00:00,11894
2020-05-05 00:00:00,11631
2020-05-05 01:00:00,11437
2020-05-05 02:00:00,11415
2020-05-05 03:00:00,11532
2020-05-05 04:00:00,11927
2020-05-05 05:00:00,12496
2020-05-05 06:00:00,13164
2020-05-05 07:00:00,13222
2020-05-05 08:00:00,13097
2020-05-05 09:00:00,12926
2020-05-05 10:00:00,12884
2020-05-05 11:00:00,12918
2020-05-05 12:00:00,12801
2020-05-05 13:00:00,12545
2020-05-05 14:00:00,12509
2020-05-05 15:00:00,12844
2020-05-05 16:00:00,13436
2020-05-05 17:00:00,13586
2020-05-05 18:00:00,13882
2020-05-05 19:00:00,14289
2020-05-05 20:00:00,14002
2020-05-05 21:00:00,13358
2020-05-05 22:00:00,12509
2020-05-05 23:00:00,11928
2020-05-06 00:00:00,11560
2020-05-06 01:00:00,11354
2020-05-06 02:00:00,11281
2020-05-06 03:00:00,11354
2020-05-06 04:00:00,11657
2020-05-06 05:00:00,12229
2020-05-06 06:00:00,12855
2020-05-06 07:00:00,13347
2020-05-06 08:00:00,13073
2020-05-06 09:00:00,12676
2020-05-06 10:00:00,12577
2020-05-06 11:00:00,12525
2020-05-06 12:00:00,12364
2020-05-06 13:00:00,12153
2020-05-06 14:00:00,12035
2020-05-06 15:00:00,12367
2020-05-06 16:00:00,13043
2020-05-06 17:00:00,13321
2020-05-06 18:00:00,13639
2020-05-06 19:00:00,14011
2020-05-06 20:00:00,13945
2020-05-06 21:00:00,13272
2020-05-06 22:00:00,12503
2020-05-06 23:00:00,11951
2020-05-07 00:00:00,11576
2020-05-07 01:00:00,11348
2020-05-07 02:00:00,11214
2020-05-07 03:00:00,11247
2020-05-07 04:00:00,11515
2020-05-07 05:00:00,12086
2020-05-07 06:00:00,12804
2020-05-07 07:00:00,13009
2020-05-07 08:00:00,12877
2020-05-07 09:00:00,12517
2020-05-07 10:00:00,12694
2020-05-07 11:00:00,12825
2020-05-07 12:00:00,12963
2020-05-07 13:00:00,12922
2020-05-07 14:00:00,12873
2020-05-07 15:00:00,13034
2020-05-07 16:00:00,13590
2020-05-07 17:00:00,13712
2020-05-07 18:00:00,13958
2020-05-07 19:00:00,14304
2020-05-07 20:00:00,14117
2020-05-07 21:00:00,13328
2020-05-07 22:00:00,12680
2020-05-07 23:00:00,12037
2020-05-08 00:00:00,11773
2020-05-08 01:00:00,11437
2020-05-08 02:00:00,11468
2020-05-08 03:00:00,11623
2020-05-08 04:00:00,11999
2020-05-08 05:00:00,12314
2020-05-08 06:00:00,12933
2020-05-08 07:00:00,13441
2020-05-08 08:00:00,13414
2020-05-08 09:00:00,13460
2020-05-08 10:00:00,13513
2020-05-08 11:00:00,13650
2020-05-08 12:00:00,13628
2020-05-08 13:00:00,13098
2020-05-08 14:00:00,12982
2020-05-08 15:00:00,13261
2020-05-08 16:00:00,13729
2020-05-08 17:00:00,13930
2020-05-08 18:00:00,14169
2020-05-08 19:00:00,14587
2020-05-08 20:00:00,14589
2020-05-08 21:00:00,14186
2020-05-08 22:00:00,13369
2020-05-08 23:00:00,12697
2020-05-09 00:00:00,12154
2020-05-09 01:00:00,11847
2020-05-09 02:00:00,11793
2020-05-09 03:00:00,11868
2020-05-09 04:00:00,11989
2020-05-09 05:00:00,12166
2020-05-09 06:00:00,12422
2020-05-09 07:00:00,12512
2020-05-09 08:00:00,12590
2020-05-09 09:00:00,12800
2020-05-09 10:00:00,13083
2020-05-09 11:00:00,13169
2020-05-09 12:00:00,12946
2020-05-09 13:00:00,12801
2020-05-09 14:00:00,12724
2020-05-09 15:00:00,13130
2020-05-09 16:00:00,13763
2020-05-09 17:00:00,13958
2020-05-09 18:00:00,14044
2020-05-09 19:00:00,14206
2020-05-09 20:00:00,13997
2020-05-09 21:00:00,13458
2020-05-09 22:00:00,12854
2020-05-09 23:00:00,12044
2020-05-10 00:00:00,11572
2020-05-10 01:00:00,11253
2020-05-10 02:00:00,11140
2020-05-10 03:00:00,11214
2020-05-10 04:00:00,11225
2020-05-10 05:00:00,11338
2020-05-10 06:00:00,11589
2020-05-10 07:00:00,12002
2020-05-10 08:00:00,12242
2020-05-10 09:00:00,12422
2020-05-10 10:00:00,12534
2020-05-10 11:00:00,12547
2020-05-10 12:00:00,12438
2020-05-10 13:00:00,12455
2020-05-10 14:00:00,12536
2020-05-10 15:00:00,12838
2020-05-10 16:00:00,13544
2020-05-10 17:00:00,13812
2020-05-10 18:00:00,13978
2020-05-10 19:00:00,14245
2020-05-10 20:00:00,13685
2020-05-10 21:00:00,13012
2020-05-10 22:00:00,12319
2020-05-10 23:00:00,11653
2020-05-11 00:00:00,11364
2020-05-11 01:00:00,11189
2020-05-11 02:00:00,11286
2020-05-11 03:00:00,11527
2020-05-11 04:00:00,11931
2020-05-11 05:00:00,12617
2020-05-11 06:00:00,13505
2020-05-11 07:00:00,14201
2020-05-11 08:00:00,14348
2020-05-11 09:00:00,14336
2020-05-11 10:00:00,14240
2020-05-11 11:00:00,14360
2020-05-11 12:00:00,14208
2020-05-11 13:00:00,13919
2020-05-11 14:00:00,13629
2020-05-11 15:00:00,13879
2020-05-11 16:00:00,14407
2020-05-11 17:00:00,14447
2020-05-11 18:00:00,14496
2020-05-11 19:00:00,14567
2020-05-11 20:00:00,14577
2020-05-11 21:00:00,13857
2020-05-11 22:00:00,13048
2020-05-11 23:00:00,12370
2020-05-12 00:00:00,12162
2020-05-12 01:00:00,12027
2020-05-12 02:00:00,11910
2020-05-12 03:00:00,12020
2020-05-12 04:00:00,12408
2020-05-12 05:00:00,12941
2020-05-12 06:00:00,13574
2020-05-12 07:00:00,13718
2020-05-12 08:00:00,13418
2020-05-12 09:00:00,13099
2020-05-12 10:00:00,13151
2020-05-12 11:00:00,13448
2020-05-12 12:00:00,13482
2020-05-12 13:00:00,13420
2020-05-12 14:00:00,13249
2020-05-12 15:00:00,13354
2020-05-12 16:00:00,13757
2020-05-12 17:00:00,13936
2020-05-12 18:00:00,14110
2020-05-12 19:00:00,14474
2020-05-12 20:00:00,14504
2020-05-12 21:00:00,13954
2020-05-12 22:00:00,13095
2020-05-12 23:00:00,12564
2020-05-13 00:00:00,12310
2020-05-13 01:00:00,12037
2020-05-13 02:00:00,11970
2020-05-13 03:00:00,12140
2020-05-13 04:00:00,12489
2020-05-13 05:00:00,12948
2020-05-13 06:00:00,13490
2020-05-13 07:00:00,13457
2020-05-13 08:00:00,12968
2020-05-13 09:00:00,12651
2020-05-13 10:00:00,12683
2020-05-13 11:00:00,12747
2020-05-13 12:00:00,12505
2020-05-13 13:00:00,12278
2020-05-13 14:00:00,12161
2020-05-13 15:00:00,12399
2020-05-13 16:00:00,13159
2020-05-13 17:00:00,13542
2020-05-13 18:00:00,13819
2020-05-13 19:00:00,14057
2020-05-13 20:00:00,14080
2020-05-13 21:00:00,13366
2020-05-13 22:00:00,12563
2020-05-13 23:00:00,11852
2020-05-14 00:00:00,11601
2020-05-14 01:00:00,11145
2020-05-14 02:00:00,11095
2020-05-14 03:00:00,11236
2020-05-14 04:00:00,11603
2020-05-14 05:00:00,12196
2020-05-14 06:00:00,12945
2020-05-14 07:00:00,13486
2020-05-14 08:00:00,13546
2020-05-14 09:00:00,13314
2020-05-14 10:00:00,13452
2020-05-14 11:00:00,13651
2020-05-14 12:00:00,13729
2020-05-14 13:00:00,13917
2020-05-14 14:00:00,14093
2020-05-14 15:00:00,14704
2020-05-14 16:00:00,15156
2020-05-14 17:00:00,14895
2020-05-14 18:00:00,14740
2020-05-14 19:00:00,14530
2020-05-14 20:00:00,14102
2020-05-14 21:00:00,13139
2020-05-14 22:00:00,12207
2020-05-14 23:00:00,11468
2020-05-15 00:00:00,11178
2020-05-15 01:00:00,10937
2020-05-15 02:00:00,10870
2020-05-15 03:00:00,10965
2020-05-15 04:00:00,11373
2020-05-15 05:00:00,11969
2020-05-15 06:00:00,12773
2020-05-15 07:00:00,13425
2020-05-15 08:00:00,13710
2020-05-15 09:00:00,13733
2020-05-15 10:00:00,13888
2020-05-15 11:00:00,14296
2020-05-15 12:00:00,14474
2020-05-15 13:00:00,14416
2020-05-15 14:00:00,14173
2020-05-15 15:00:00,14070
2020-05-15 16:00:00,14118
2020-05-15 17:00:00,13779
2020-05-15 18:00:00,13598
2020-05-15 19:00:00,13844
2020-05-15 20:00:00,13935
2020-05-15 21:00:00,13187
2020-05-15 22:00:00,12275
2020-05-15 23:00:00,11618
2020-05-16 00:00:00,11246
2020-05-16 01:00:00,10962
2020-05-16 02:00:00,10812
2020-05-16 03:00:00,10760
2020-05-16 04:00:00,10665
2020-05-16 05:00:00,10838
2020-05-16 06:00:00,11211
2020-05-16 07:00:00,11352
2020-05-16 08:00:00,11427
2020-05-16 09:00:00,11620
2020-05-16 10:00:00,11642
2020-05-16 11:00:00,11717
2020-05-16 12:00:00,11529
2020-05-16 13:00:00,11217
2020-05-16 14:00:00,11134
2020-05-16 15:00:00,11520
2020-05-16 16:00:00,12147
2020-05-16 17:00:00,12567
2020-05-16 18:00:00,12687
2020-05-16 19:00:00,12834
2020-05-16 20:00:00,12823
2020-05-16 21:00:00,12273
2020-05-16 22:00:00,11612
2020-05-16 23:00:00,11058
2020-05-17 00:00:00,10625
2020-05-17 01:00:00,10275
2020-05-17 02:00:00,10162
2020-05-17 03:00:00,10045
2020-05-17 04:00:00,9979
2020-05-17 05:00:00,9992
2020-05-17 06:00:00,10191
2020-05-17 07:00:00,10364
2020-05-17 08:00:00,10493
2020-05-17 09:00:00,10585
2020-05-17 10:00:00,10857
2020-05-17 11:00:00,11221
2020-05-17 12:00:00,11351
2020-05-17 13:00:00,11471
2020-05-17 14:00:00,11696
2020-05-17 15:00:00,12280
2020-05-17 16:00:00,13019
2020-05-17 17:00:00,13065
2020-05-17 18:00:00,12804
2020-05-17 19:00:00,12846
2020-05-17 20:00:00,12576
2020-05-17 21:00:00,11954
2020-05-17 22:00:00,11306
2020-05-17 23:00:00,10609
2020-05-18 00:00:00,10263
2020-05-18 01:00:00,10016
2020-05-18 02:00:00,9906
2020-05-18 03:00:00,9831
2020-05-18 04:00:00,9833
2020-05-18 05:00:00,10047
2020-05-18 06:00:00,10361
2020-05-18 07:00:00,10741
2020-05-18 08:00:00,11058
2020-05-18 09:00:00,11534
2020-05-18 10:00:00,11982
2020-05-18 11:00:00,12199
2020-05-18 12:00:00,12013
2020-05-18 13:00:00,11868
2020-05-18 14:00:00,12010
2020-05-18 15:00:00,12460
2020-05-18 16:00:00,13075
2020-05-18 17:00:00,13158
2020-05-18 18:00:00,13029
2020-05-18 19:00:00,13036
2020-05-18 20:00:00,12731
2020-05-18 21:00:00,12013
2020-05-18 22:00:00,11279
2020-05-18 23:00:00,10705
2020-05-19 00:00:00,10336
2020-05-19 01:00:00,10175
2020-05-19 02:00:00,10249
2020-05-19 03:00:00,10327
2020-05-19 04:00:00,10590
2020-05-19 05:00:00,11218
2020-05-19 06:00:00,12138
2020-05-19 07:00:00,12916
2020-05-19 08:00:00,13093
2020-05-19 09:00:00,12973
2020-05-19 10:00:00,13021
2020-05-19 11:00:00,13040
2020-05-19 12:00:00,12949
2020-05-19 13:00:00,12739
2020-05-19 14:00:00,12632
2020-05-19 15:00:00,12810
2020-05-19 16:00:00,13272
2020-05-19 17:00:00,13529
2020-05-19 18:00:00,13625
2020-05-19 19:00:00,13706
2020-05-19 20:00:00,13631
2020-05-19 21:00:00,12883
2020-05-19 22:00:00,12088
2020-05-19 23:00:00,11401
2020-05-20 00:00:00,11085
2020-05-20 01:00:00,10804
2020-05-20 02:00:00,10660
2020-05-20 03:00:00,10692
2020-05-20 04:00:00,10968
2020-05-20 05:00:00,11453
2020-05-20 06:00:00,12084
2020-05-20 07:00:00,12508
2020-05-20 08:00:00,12210
2020-05-20 09:00:00,12018
2020-05-20 10:00:00,11999
2020-05-20 11:00:00,12156
2020-05-20 12:00:00,12124
2020-05-20 13:00:00,12047
2020-05-20 14:00:00,12020
2020-05-20 15:00:00,12354
2020-05-20 16:00:00,13292
2020-05-20 17:00:00,13570
2020-05-20 18:00:00,13878
2020-05-20 19:00:00,14083
2020-05-20 20:00:00,13940
2020-05-20 21:00:00,13138
2020-05-20 22:00:00,12164
2020-05-20 23:00:00,11374
2020-05-21 00:00:00,10960
2020-05-21 01:00:00,10735
2020-05-21 02:00:00,10630
2020-05-21 03:00:00,10691
2020-05-21 04:00:00,10981
2020-05-21 05:00:00,11529
2020-05-21 06:00:00,12322
2020-05-21 07:00:00,12639
2020-05-21 08:00:00,12693
2020-05-21 09:00:00,12600
2020-05-21 10:00:00,12746
2020-05-21 11:00:00,12813
2020-05-21 12:00:00,12823
2020-05-21 13:00:00,12530
2020-05-21 14:00:00,12593
2020-05-21 15:00:00,13141
2020-05-21 16:00:00,13806
2020-05-21 17:00:00,14040
2020-05-21 18:00:00,14256
2020-05-21 19:00:00,14323
2020-05-21 20:00:00,14231
2020-05-21 21:00:00,13373
2020-05-21 22:00:00,12450
2020-05-21 23:00:00,11707
2020-05-22 00:00:00,11228
2020-05-22 01:00:00,10855
2020-05-22 02:00:00,10753
2020-05-22 03:00:00,10750
2020-05-22 04:00:00,11036
2020-05-22 05:00:00,11629
2020-05-22 06:00:00,12466
2020-05-22 07:00:00,12804
2020-05-22 08:00:00,12922
2020-05-22 09:00:00,13086
2020-05-22 10:00:00,13283
2020-05-22 11:00:00,13520
2020-05-22 12:00:00,13577
2020-05-22 13:00:00,13482
2020-05-22 14:00:00,13448
2020-05-22 15:00:00,13787
2020-05-22 16:00:00,14338
2020-05-22 17:00:00,14572
2020-05-22 18:00:00,14649
2020-05-22 19:00:00,14635
2020-05-22 20:00:00,14484
2020-05-22 21:00:00,13790
2020-05-22 22:00:00,12836
2020-05-22 23:00:00,12044
2020-05-23 00:00:00,11478
2020-05-23 01:00:00,11108
2020-05-23 02:00:00,10893
2020-05-23 03:00:00,10783
2020-05-23 04:00:00,10778
2020-05-23 05:00:00,10844
2020-05-23 06:00:00,11255
2020-05-23 07:00:00,11538
2020-05-23 08:00:00,11895
2020-05-23 09:00:00,12245
2020-05-23 10:00:00,12407
2020-05-23 11:00:00,12680
2020-05-23 12:00:00,12680
2020-05-23 13:00:00,12692
2020-05-23 14:00:00,12937
2020-05-23 15:00:00,13429
2020-05-23 16:00:00,14139
2020-05-23 17:00:00,14426
2020-05-23 18:00:00,14457
2020-05-23 19:00:00,14368
2020-05-23 20:00:00,14362
2020-05-23 21:00:00,13549
2020-05-23 22:00:00,12615
2020-05-23 23:00:00,11808
2020-05-24 00:00:00,11198
2020-05-24 01:00:00,10681
2020-05-24 02:00:00,10462
2020-05-24 03:00:00,10351
2020-05-24 04:00:00,10262
2020-05-24 05:00:00,10314
2020-05-24 06:00:00,10622
2020-05-24 07:00:00,11092
2020-05-24 08:00:00,11636
2020-05-24 09:00:00,12276
2020-05-24 10:00:00,12660
2020-05-24 11:00:00,13150
2020-05-24 12:00:00,13413
2020-05-24 13:00:00,13607
2020-05-24 14:00:00,13800
2020-05-24 15:00:00,14260
2020-05-24 16:00:00,15209
2020-05-24 17:00:00,15586
2020-05-24 18:00:00,15459
2020-05-24 19:00:00,15203
2020-05-24 20:00:00,15011
2020-05-24 21:00:00,14309
2020-05-24 22:00:00,13246
2020-05-24 23:00:00,12503
2020-05-25 00:00:00,11920
2020-05-25 01:00:00,11498
2020-05-25 02:00:00,11435
2020-05-25 03:00:00,11245
2020-05-25 04:00:00,11676
2020-05-25 05:00:00,12295
2020-05-25 06:00:00,13547
2020-05-25 07:00:00,14565
2020-05-25 08:00:00,15273
2020-05-25 09:00:00,16111
2020-05-25 10:00:00,16581
2020-05-25 11:00:00,17091
2020-05-25 12:00:00,17534
2020-05-25 13:00:00,17807
2020-05-25 14:00:00,18084
2020-05-25 15:00:00,18727
2020-05-25 16:00:00,19426
2020-05-25 17:00:00,19413
2020-05-25 18:00:00,19350
2020-05-25 19:00:00,19047
2020-05-25 20:00:00,18378
2020-05-25 21:00:00,17185
2020-05-25 22:00:00,15694
2020-05-25 23:00:00,14513
2020-05-26 00:00:00,13728
2020-05-26 01:00:00,13050
2020-05-26 02:00:00,12653
2020-05-26 03:00:00,12405
2020-05-26 04:00:00,12567
2020-05-26 05:00:00,13052
2020-05-26 06:00:00,14314
2020-05-26 07:00:00,15461
2020-05-26 08:00:00,16398
2020-05-26 09:00:00,17201
2020-05-26 10:00:00,18089
2020-05-26 11:00:00,18665
2020-05-26 12:00:00,19241
2020-05-26 13:00:00,19472
2020-05-26 14:00:00,19736
2020-05-26 15:00:00,20151
2020-05-26 16:00:00,20649
2020-05-26 17:00:00,20633
2020-05-26 18:00:00,20437
2020-05-26 19:00:00,19916
2020-05-26 20:00:00,19423
2020-05-26 21:00:00,18266
2020-05-26 22:00:00,16641
2020-05-26 23:00:00,15327
2020-05-27 00:00:00,14319
2020-05-27 01:00:00,13516
2020-05-27 02:00:00,12794
2020-05-27 03:00:00,12518
2020-05-27 04:00:00,12623
2020-05-27 05:00:00,13159
2020-05-27 06:00:00,14856
2020-05-27 07:00:00,16248
2020-05-27 08:00:00,17125
2020-05-27 09:00:00,17783
2020-05-27 10:00:00,18294
2020-05-27 11:00:00,18683
2020-05-27 12:00:00,18851
2020-05-27 13:00:00,19089
2020-05-27 14:00:00,19137
2020-05-27 15:00:00,19444
2020-05-27 16:00:00,19809
2020-05-27 17:00:00,19887
2020-05-27 18:00:00,19765
2020-05-27 19:00:00,19028
2020-05-27 20:00:00,18456
2020-05-27 21:00:00,17251
2020-05-27 22:00:00,15726
2020-05-27 23:00:00,14456
2020-05-28 00:00:00,13659
2020-05-28 01:00:00,12894
2020-05-28 02:00:00,12589
2020-05-28 03:00:00,12486
2020-05-28 04:00:00,12593
2020-05-28 05:00:00,13187
2020-05-28 06:00:00,14359
2020-05-28 07:00:00,15263
2020-05-28 08:00:00,15871
2020-05-28 09:00:00,16326
2020-05-28 10:00:00,16752
2020-05-28 11:00:00,17211
2020-05-28 12:00:00,17420
2020-05-28 13:00:00,17228
2020-05-28 14:00:00,17094
2020-05-28 15:00:00,17127
2020-05-28 16:00:00,17396
2020-05-28 17:00:00,17190
2020-05-28 18:00:00,16774
2020-05-28 19:00:00,16306
2020-05-28 20:00:00,15928
2020-05-28 21:00:00,14998
2020-05-28 22:00:00,14011
2020-05-28 23:00:00,12939
2020-05-29 00:00:00,12301
2020-05-29 01:00:00,11917
2020-05-29 02:00:00,11716
2020-05-29 03:00:00,11733
2020-05-29 04:00:00,12019
2020-05-29 05:00:00,12635
2020-05-29 06:00:00,13680
2020-05-29 07:00:00,14741
2020-05-29 08:00:00,15286
2020-05-29 09:00:00,15801
2020-05-29 10:00:00,16095
2020-05-29 11:00:00,16068
2020-05-29 12:00:00,16100
2020-05-29 13:00:00,16558
2020-05-29 14:00:00,16273
2020-05-29 15:00:00,16268
2020-05-29 16:00:00,16176
2020-05-29 17:00:00,15785
2020-05-29 18:00:00,15348
2020-05-29 19:00:00,15064
2020-05-29 20:00:00,14822
2020-05-29 21:00:00,13939
2020-05-29 22:00:00,12949
2020-05-29 23:00:00,12023
2020-05-30 00:00:00,11383
2020-05-30 01:00:00,10977
2020-05-30 02:00:00,10794
2020-05-30 03:00:00,10647
2020-05-30 04:00:00,10621
2020-05-30 05:00:00,10716
2020-05-30 06:00:00,11144
2020-05-30 07:00:00,11536
2020-05-30 08:00:00,11810
2020-05-30 09:00:00,12094
2020-05-30 10:00:00,12337
2020-05-30 11:00:00,12399
2020-05-30 12:00:00,12392
2020-05-30 13:00:00,12299
2020-05-30 14:00:00,12341
2020-05-30 15:00:00,12572
2020-05-30 16:00:00,13019
2020-05-30 17:00:00,13318
2020-05-30 18:00:00,13258
2020-05-30 19:00:00,13202
2020-05-30 20:00:00,13180
2020-05-30 21:00:00,12613
2020-05-30 22:00:00,11867
2020-05-30 23:00:00,11270
2020-05-31 00:00:00,10846
2020-05-31 01:00:00,10558
2020-05-31 02:00:00,10387
2020-05-31 03:00:00,10354
2020-05-31 04:00:00,10305
2020-05-31 05:00:00,10307
2020-05-31 06:00:00,10589
2020-05-31 07:00:00,10816
2020-05-31 08:00:00,11042
2020-05-31 09:00:00,11134
2020-05-31 10:00:00,11601
2020-05-31 11:00:00,11820
2020-05-31 12:00:00,11695
2020-05-31 13:00:00,11526
2020-05-31 14:00:00,11738
2020-05-31 15:00:00,12182
2020-05-31 16:00:00,12835
2020-05-31 17:00:00,13103
2020-05-31 18:00:00,13226
2020-05-31 19:00:00,13270
2020-05-31 20:00:00,13383
2020-05-31 21:00:00,12809
2020-05-31 22:00:00,12007
2020-05-31 23:00:00,11351
2020-06-01 00:00:00,10920
2020-06-01 01:00:00,10620
2020-06-01 02:00:00,10543
2020-06-01 03:00:00,10607
2020-06-01 04:00:00,11027
2020-06-01 05:00:00,11702
2020-06-01 06:00:00,12555
2020-06-01 07:00:00,12889
2020-06-01 08:00:00,12935
2020-06-01 09:00:00,13094
2020-06-01 10:00:00,13353
2020-06-01 11:00:00,13649
2020-06-01 12:00:00,13439
2020-06-01 13:00:00,13220
2020-06-01 14:00:00,13214
2020-06-01 15:00:00,13661
2020-06-01 16:00:00,14431
2020-06-01 17:00:00,14774
2020-06-01 18:00:00,14937
2020-06-01 19:00:00,14766
2020-06-01 20:00:00,14527
2020-06-01 21:00:00,13758
2020-06-01 22:00:00,12617
2020-06-01 23:00:00,11852
2020-06-02 00:00:00,11579
2020-06-02 01:00:00,11359
2020-06-02 02:00:00,11027
2020-06-02 03:00:00,10938
2020-06-02 04:00:00,11235
2020-06-02 05:00:00,11968
2020-06-02 06:00:00,12924
2020-06-02 07:00:00,13525
2020-06-02 08:00:00,13870
2020-06-02 09:00:00,14181
2020-06-02 10:00:00,14182
2020-06-02 11:00:00,14344
2020-06-02 12:00:00,14598
2020-06-02 13:00:00,14801
2020-06-02 14:00:00,15084
2020-06-02 15:00:00,15566
2020-06-02 16:00:00,16198
2020-06-02 17:00:00,16430
2020-06-02 18:00:00,16486
2020-06-02 19:00:00,16317
2020-06-02 20:00:00,16072
2020-06-02 21:00:00,15078
2020-06-02 22:00:00,13939
2020-06-02 23:00:00,13058
2020-06-03 00:00:00,12348
2020-06-03 01:00:00,11903
2020-06-03 02:00:00,11610
2020-06-03 03:00:00,11426
2020-06-03 04:00:00,11637
2020-06-03 05:00:00,12327
2020-06-03 06:00:00,13382
2020-06-03 07:00:00,13914
2020-06-03 08:00:00,14496
2020-06-03 09:00:00,14710
2020-06-03 10:00:00,15109
2020-06-03 11:00:00,15618
2020-06-03 12:00:00,15835
2020-06-03 13:00:00,15897
2020-06-03 14:00:00,15940
2020-06-03 15:00:00,16256
2020-06-03 16:00:00,16743
2020-06-03 17:00:00,17103
2020-06-03 18:00:00,17090
2020-06-03 19:00:00,16667
2020-06-03 20:00:00,16273
2020-06-03 21:00:00,15321
2020-06-03 22:00:00,14116
2020-06-03 23:00:00,13125
2020-06-04 00:00:00,12486
2020-06-04 01:00:00,11931
2020-06-04 02:00:00,11608
2020-06-04 03:00:00,11487
2020-06-04 04:00:00,11697
2020-06-04 05:00:00,12191
2020-06-04 06:00:00,13216
2020-06-04 07:00:00,14220
2020-06-04 08:00:00,15277
2020-06-04 09:00:00,15417
2020-06-04 10:00:00,15964
2020-06-04 11:00:00,16349
2020-06-04 12:00:00,16833
2020-06-04 13:00:00,17184
2020-06-04 14:00:00,17354
2020-06-04 15:00:00,17805
2020-06-04 16:00:00,18328
2020-06-04 17:00:00,18250
2020-06-04 18:00:00,18058
2020-06-04 19:00:00,17733
2020-06-04 20:00:00,17352
2020-06-04 21:00:00,16344
2020-06-04 22:00:00,14925
2020-06-04 23:00:00,13743
2020-06-05 00:00:00,12978
2020-06-05 01:00:00,12431
2020-06-05 02:00:00,12022
2020-06-05 03:00:00,11939
2020-06-05 04:00:00,12206
2020-06-05 05:00:00,12934
2020-06-05 06:00:00,13871
2020-06-05 07:00:00,14932
2020-06-05 08:00:00,15843
2020-06-05 09:00:00,16333
2020-06-05 10:00:00,16973
2020-06-05 11:00:00,17624
2020-06-05 12:00:00,17826
2020-06-05 13:00:00,18013
2020-06-05 14:00:00,18028
2020-06-05 15:00:00,18519
2020-06-05 16:00:00,19028
2020-06-05 17:00:00,18447
2020-06-05 18:00:00,17967
2020-06-05 19:00:00,17469
2020-06-05 20:00:00,17073
2020-06-05 21:00:00,16210
2020-06-05 22:00:00,14687
2020-06-05 23:00:00,13427
2020-06-06 00:00:00,12679
2020-06-06 01:00:00,12170
2020-06-06 02:00:00,11794
2020-06-06 03:00:00,11674
2020-06-06 04:00:00,11444
2020-06-06 05:00:00,11471
2020-06-06 06:00:00,12410
2020-06-06 07:00:00,13031
2020-06-06 08:00:00,13468
2020-06-06 09:00:00,14137
2020-06-06 10:00:00,14565
2020-06-06 11:00:00,14836
2020-06-06 12:00:00,14836
2020-06-06 13:00:00,14633
2020-06-06 14:00:00,14715
2020-06-06 15:00:00,14724
2020-06-06 16:00:00,15374
2020-06-06 17:00:00,15531
2020-06-06 18:00:00,15245
2020-06-06 19:00:00,14597
2020-06-06 20:00:00,14223
2020-06-06 21:00:00,13633
2020-06-06 22:00:00,12705
2020-06-06 23:00:00,11997
2020-06-07 00:00:00,11319
2020-06-07 01:00:00,10950
2020-06-07 02:00:00,10700
2020-06-07 03:00:00,10543
2020-06-07 04:00:00,10400
2020-06-07 05:00:00,10545
2020-06-07 06:00:00,11180
2020-06-07 07:00:00,11304
2020-06-07 08:00:00,11728
2020-06-07 09:00:00,11868
2020-06-07 10:00:00,12315
2020-06-07 11:00:00,12615
2020-06-07 12:00:00,12503
2020-06-07 13:00:00,12616
2020-06-07 14:00:00,12838
2020-06-07 15:00:00,13411
2020-06-07 16:00:00,14654
2020-06-07 17:00:00,15063
2020-06-07 18:00:00,14907
2020-06-07 19:00:00,14526
2020-06-07 20:00:00,14354
2020-06-07 21:00:00,13830
2020-06-07 22:00:00,12897
2020-06-07 23:00:00,12078
2020-06-08 00:00:00,11588
2020-06-08 01:00:00,11193
2020-06-08 02:00:00,11022
2020-06-08 03:00:00,11074
2020-06-08 04:00:00,11255
2020-06-08 05:00:00,11949
2020-06-08 06:00:00,12965
2020-06-08 07:00:00,13475
2020-06-08 08:00:00,13754
2020-06-08 09:00:00,14077
2020-06-08 10:00:00,14279
2020-06-08 11:00:00,14456
2020-06-08 12:00:00,14602
2020-06-08 13:00:00,14653
2020-06-08 14:00:00,14806
2020-06-08 15:00:00,15556
2020-06-08 16:00:00,16592
2020-06-08 17:00:00,16956
2020-06-08 18:00:00,16907
2020-06-08 19:00:00,16458
2020-06-08 20:00:00,15925
2020-06-08 21:00:00,14999
2020-06-08 22:00:00,13762
2020-06-08 23:00:00,12731
2020-06-09 00:00:00,12191
2020-06-09 01:00:00,11651
2020-06-09 02:00:00,11409
2020-06-09 03:00:00,11367
2020-06-09 04:00:00,11598
2020-06-09 05:00:00,12220
2020-06-09 06:00:00,13317
2020-06-09 07:00:00,14656
2020-06-09 08:00:00,15362
2020-06-09 09:00:00,16107
2020-06-09 10:00:00,16757
2020-06-09 11:00:00,17438
2020-06-09 12:00:00,18024
2020-06-09 13:00:00,18337
2020-06-09 14:00:00,18803
2020-06-09 15:00:00,19112
2020-06-09 16:00:00,19683
2020-06-09 17:00:00,19838
2020-06-09 18:00:00,19662
2020-06-09 19:00:00,18798
2020-06-09 20:00:00,18301
2020-06-09 21:00:00,17173
2020-06-09 22:00:00,15838
2020-06-09 23:00:00,14592
2020-06-10 00:00:00,13807
2020-06-10 01:00:00,13158
2020-06-10 02:00:00,12706
2020-06-10 03:00:00,12476
2020-06-10 04:00:00,12592
2020-06-10 05:00:00,13094
2020-06-10 06:00:00,14054
2020-06-10 07:00:00,14987
2020-06-10 08:00:00,16187
2020-06-10 09:00:00,17099
2020-06-10 10:00:00,17788
2020-06-10 11:00:00,18409
2020-06-10 12:00:00,19061
2020-06-10 13:00:00,19137
2020-06-10 14:00:00,19419
2020-06-10 15:00:00,19686
2020-06-10 16:00:00,20325
2020-06-10 17:00:00,20511
2020-06-10 18:00:00,20374
2020-06-10 19:00:00,19477
2020-06-10 20:00:00,18760
2020-06-10 21:00:00,16981
2020-06-10 22:00:00,15475
2020-06-10 23:00:00,14341
2020-06-11 00:00:00,13486
2020-06-11 01:00:00,12947
2020-06-11 02:00:00,12624
2020-06-11 03:00:00,12390
2020-06-11 04:00:00,12398
2020-06-11 05:00:00,13010
2020-06-11 06:00:00,13896
2020-06-11 07:00:00,14343
2020-06-11 08:00:00,14679
2020-06-11 09:00:00,14974
2020-06-11 10:00:00,15209
2020-06-11 11:00:00,15257
2020-06-11 12:00:00,15338
2020-06-11 13:00:00,15408
2020-06-11 14:00:00,15312
2020-06-11 15:00:00,15660
2020-06-11 16:00:00,16434
2020-06-11 17:00:00,16711
2020-06-11 18:00:00,16594
2020-06-11 19:00:00,16180
2020-06-11 20:00:00,15703
2020-06-11 21:00:00,14829
2020-06-11 22:00:00,13666
2020-06-11 23:00:00,12789
2020-06-12 00:00:00,12330
2020-06-12 01:00:00,11995
2020-06-12 02:00:00,11592
2020-06-12 03:00:00,11555
2020-06-12 04:00:00,11860
2020-06-12 05:00:00,12326
2020-06-12 06:00:00,13277
2020-06-12 07:00:00,13605
2020-06-12 08:00:00,13663
2020-06-12 09:00:00,13663
2020-06-12 10:00:00,13708
2020-06-12 11:00:00,13701
2020-06-12 12:00:00,13692
2020-06-12 13:00:00,13730
2020-06-12 14:00:00,13636
2020-06-12 15:00:00,13890
2020-06-12 16:00:00,14417
2020-06-12 17:00:00,14551
2020-06-12 18:00:00,14537
2020-06-12 19:00:00,14295
2020-06-12 20:00:00,14141
2020-06-12 21:00:00,13584
2020-06-12 22:00:00,12651
2020-06-12 23:00:00,11866
2020-06-13 00:00:00,11412
2020-06-13 01:00:00,11035
2020-06-13 02:00:00,10829
2020-06-13 03:00:00,10770
2020-06-13 04:00:00,10755
2020-06-13 05:00:00,10904
2020-06-13 06:00:00,11248
2020-06-13 07:00:00,11624
2020-06-13 08:00:00,11720
2020-06-13 09:00:00,11814
2020-06-13 10:00:00,11967
2020-06-13 11:00:00,11814
2020-06-13 12:00:00,11718
2020-06-13 13:00:00,11644
2020-06-13 14:00:00,11680
2020-06-13 15:00:00,12088
2020-06-13 16:00:00,12820
2020-06-13 17:00:00,13283
2020-06-13 18:00:00,13361
2020-06-13 19:00:00,13138
2020-06-13 20:00:00,13278
2020-06-13 21:00:00,12880
2020-06-13 22:00:00,12071
2020-06-13 23:00:00,11359
2020-06-14 00:00:00,11111
2020-06-14 01:00:00,10645
2020-06-14 02:00:00,10378
2020-06-14 03:00:00,10372
2020-06-14 04:00:00,10340
2020-06-14 05:00:00,10343
2020-06-14 06:00:00,10609
2020-06-14 07:00:00,10821
2020-06-14 08:00:00,10884
2020-06-14 09:00:00,11025
2020-06-14 10:00:00,11579
2020-06-14 11:00:00,11724
2020-06-14 12:00:00,11549
2020-06-14 13:00:00,11524
2020-06-14 14:00:00,11648
2020-06-14 15:00:00,12156
2020-06-14 16:00:00,12924
2020-06-14 17:00:00,13369
2020-06-14 18:00:00,13596
2020-06-14 19:00:00,13579
2020-06-14 20:00:00,13615
2020-06-14 21:00:00,13125
2020-06-14 22:00:00,12367
2020-06-14 23:00:00,11686
2020-06-15 00:00:00,11289
2020-06-15 01:00:00,11050
2020-06-15 02:00:00,10866
2020-06-15 03:00:00,10893
2020-06-15 04:00:00,11118
2020-06-15 05:00:00,11835
2020-06-15 06:00:00,12828
2020-06-15 07:00:00,13335
2020-06-15 08:00:00,13375
2020-06-15 09:00:00,13438
2020-06-15 10:00:00,13634
2020-06-15 11:00:00,13835
2020-06-15 12:00:00,13945
2020-06-15 13:00:00,14007
2020-06-15 14:00:00,14093
2020-06-15 15:00:00,14586
2020-06-15 16:00:00,15377
2020-06-15 17:00:00,15788
2020-06-15 18:00:00,16124
2020-06-15 19:00:00,15632
2020-06-15 20:00:00,15337
2020-06-15 21:00:00,14583
2020-06-15 22:00:00,13495
2020-06-15 23:00:00,12591
2020-06-16 00:00:00,12018
2020-06-16 01:00:00,11733
2020-06-16 02:00:00,11548
2020-06-16 03:00:00,11545
2020-06-16 04:00:00,11790
2020-06-16 05:00:00,12356
2020-06-16 06:00:00,13225
2020-06-16 07:00:00,13636
2020-06-16 08:00:00,13958
2020-06-16 09:00:00,14160
2020-06-16 10:00:00,14401
2020-06-16 11:00:00,14683
2020-06-16 12:00:00,14912
2020-06-16 13:00:00,15072
2020-06-16 14:00:00,15288
2020-06-16 15:00:00,15909
2020-06-16 16:00:00,16659
2020-06-16 17:00:00,17031
2020-06-16 18:00:00,17320
2020-06-16 19:00:00,16817
2020-06-16 20:00:00,16351
2020-06-16 21:00:00,15404
2020-06-16 22:00:00,14075
2020-06-16 23:00:00,13045
2020-06-17 00:00:00,12450
2020-06-17 01:00:00,12009
2020-06-17 02:00:00,11703
2020-06-17 03:00:00,11654
2020-06-17 04:00:00,11827
2020-06-17 05:00:00,12406
2020-06-17 06:00:00,13341
2020-06-17 07:00:00,13893
2020-06-17 08:00:00,14573
2020-06-17 09:00:00,15058
2020-06-17 10:00:00,15469
2020-06-17 11:00:00,15834
2020-06-17 12:00:00,16251
2020-06-17 13:00:00,16513
2020-06-17 14:00:00,16869
2020-06-17 15:00:00,17647
2020-06-17 16:00:00,18563
2020-06-17 17:00:00,19003
2020-06-17 18:00:00,19107
2020-06-17 19:00:00,18544
2020-06-17 20:00:00,17546
2020-06-17 21:00:00,16476
2020-06-17 22:00:00,15145
2020-06-17 23:00:00,13979
2020-06-18 00:00:00,13146
2020-06-18 01:00:00,12724
2020-06-18 02:00:00,12263
2020-06-18 03:00:00,11977
2020-06-18 04:00:00,12056
2020-06-18 05:00:00,12576
2020-06-18 06:00:00,13810
2020-06-18 07:00:00,14878
2020-06-18 08:00:00,15758
2020-06-18 09:00:00,16195
2020-06-18 10:00:00,16949
2020-06-18 11:00:00,17517
2020-06-18 12:00:00,17933
2020-06-18 13:00:00,18123
2020-06-18 14:00:00,18387
2020-06-18 15:00:00,18899
2020-06-18 16:00:00,19562
2020-06-18 17:00:00,19794
2020-06-18 18:00:00,19623
2020-06-18 19:00:00,19127
2020-06-18 20:00:00,18692
2020-06-18 21:00:00,17565
2020-06-18 22:00:00,16061
2020-06-18 23:00:00,14734
2020-06-19 00:00:00,13835
2020-06-19 01:00:00,13355
2020-06-19 02:00:00,12758
2020-06-19 03:00:00,12723
2020-06-19 04:00:00,12826
2020-06-19 05:00:00,13486
2020-06-19 06:00:00,14816
2020-06-19 07:00:00,15936
2020-06-19 08:00:00,16950
2020-06-19 09:00:00,17870
2020-06-19 10:00:00,18750
2020-06-19 11:00:00,19329
2020-06-19 12:00:00,19566
2020-06-19 13:00:00,19664
2020-06-19 14:00:00,19566
2020-06-19 15:00:00,19873
2020-06-19 16:00:00,19919
2020-06-19 17:00:00,19885
2020-06-19 18:00:00,19675
2020-06-19 19:00:00,19116
2020-06-19 20:00:00,18728
2020-06-19 21:00:00,17882
2020-06-19 22:00:00,16546
2020-06-19 23:00:00,15109
2020-06-20 00:00:00,14204
2020-06-20 01:00:00,13524
2020-06-20 02:00:00,13005
2020-06-20 03:00:00,12610
2020-06-20 04:00:00,12337
2020-06-20 05:00:00,12371
2020-06-20 06:00:00,13140
2020-06-20 07:00:00,14359
2020-06-20 08:00:00,15751
2020-06-20 09:00:00,16980
2020-06-20 10:00:00,17831
2020-06-20 11:00:00,18370
2020-06-20 12:00:00,18526
2020-06-20 13:00:00,18859
2020-06-20 14:00:00,18996
2020-06-20 15:00:00,19478
2020-06-20 16:00:00,19843
2020-06-20 17:00:00,19957
2020-06-20 18:00:00,19622
2020-06-20 19:00:00,19122
2020-06-20 20:00:00,18698
2020-06-20 21:00:00,17919
2020-06-20 22:00:00,16505
2020-06-20 23:00:00,15029
2020-06-21 00:00:00,14007
2020-06-21 01:00:00,13361
2020-06-21 02:00:00,12810
2020-06-21 03:00:00,12394
2020-06-21 04:00:00,12097
2020-06-21 05:00:00,12142
2020-06-21 06:00:00,13112
2020-06-21 07:00:00,14603
2020-06-21 08:00:00,15924
2020-06-21 09:00:00,17083
2020-06-21 10:00:00,17784
2020-06-21 11:00:00,18450
2020-06-21 12:00:00,18925
2020-06-21 13:00:00,19094
2020-06-21 14:00:00,19320
2020-06-21 15:00:00,19596
2020-06-21 16:00:00,19904
2020-06-21 17:00:00,19660
2020-06-21 18:00:00,19421
2020-06-21 19:00:00,19091
2020-06-21 20:00:00,19007
2020-06-21 21:00:00,18265
2020-06-21 22:00:00,16979
2020-06-21 23:00:00,15774
2020-06-22 00:00:00,14807
2020-06-22 01:00:00,14147
2020-06-22 02:00:00,13700
2020-06-22 03:00:00,13566
2020-06-22 04:00:00,13691
2020-06-22 05:00:00,14471
2020-06-22 06:00:00,15771
2020-06-22 07:00:00,16980
2020-06-22 08:00:00,17700
2020-06-22 09:00:00,18489
2020-06-22 10:00:00,19484
2020-06-22 11:00:00,20144
2020-06-22 12:00:00,20447
2020-06-22 13:00:00,20504
2020-06-22 14:00:00,20228
2020-06-22 15:00:00,20632
2020-06-22 16:00:00,20442
2020-06-22 17:00:00,20220
2020-06-22 18:00:00,19971
2020-06-22 19:00:00,19732
2020-06-22 20:00:00,19403
2020-06-22 21:00:00,18369
2020-06-22 22:00:00,16902
2020-06-22 23:00:00,15586
2020-06-23 00:00:00,14557
2020-06-23 01:00:00,14032
2020-06-23 02:00:00,13617
2020-06-23 03:00:00,13401
2020-06-23 04:00:00,13547
2020-06-23 05:00:00,14341
2020-06-23 06:00:00,15524
2020-06-23 07:00:00,16863
2020-06-23 08:00:00,18093
2020-06-23 09:00:00,18439
2020-06-23 10:00:00,18655
2020-06-23 11:00:00,18995
2020-06-23 12:00:00,18763
2020-06-23 13:00:00,18649
2020-06-23 14:00:00,18579
2020-06-23 15:00:00,18566
2020-06-23 16:00:00,18655
2020-06-23 17:00:00,18494
2020-06-23 18:00:00,18324
2020-06-23 19:00:00,17788
2020-06-23 20:00:00,17301
2020-06-23 21:00:00,16007
2020-06-23 22:00:00,14580
2020-06-23 23:00:00,13479
2020-06-24 00:00:00,12779
2020-06-24 01:00:00,12322
2020-06-24 02:00:00,12178
2020-06-24 03:00:00,12071
2020-06-24 04:00:00,12247
2020-06-24 05:00:00,12811
2020-06-24 06:00:00,13703
2020-06-24 07:00:00,14233
2020-06-24 08:00:00,14581
2020-06-24 09:00:00,14888
2020-06-24 10:00:00,15115
2020-06-24 11:00:00,15273
2020-06-24 12:00:00,15350
2020-06-24 13:00:00,15366
2020-06-24 14:00:00,15416
2020-06-24 15:00:00,15526
2020-06-24 16:00:00,15933
2020-06-24 17:00:00,15929
2020-06-24 18:00:00,15807
2020-06-24 19:00:00,15607
2020-06-24 20:00:00,15271
2020-06-24 21:00:00,14595
2020-06-24 22:00:00,13503
2020-06-24 23:00:00,12797
2020-06-25 00:00:00,12191
2020-06-25 01:00:00,11663
2020-06-25 02:00:00,11529
2020-06-25 03:00:00,11498
2020-06-25 04:00:00,11811
2020-06-25 05:00:00,12455
2020-06-25 06:00:00,13403
2020-06-25 07:00:00,13961
2020-06-25 08:00:00,14496
2020-06-25 09:00:00,14835
2020-06-25 10:00:00,15028
2020-06-25 11:00:00,15283
2020-06-25 12:00:00,15672
2020-06-25 13:00:00,15839
2020-06-25 14:00:00,16050
2020-06-25 15:00:00,16407
2020-06-25 16:00:00,16941
2020-06-25 17:00:00,17159
2020-06-25 18:00:00,17447
2020-06-25 19:00:00,17089
2020-06-25 20:00:00,16611
2020-06-25 21:00:00,15800
2020-06-25 22:00:00,14462
2020-06-25 23:00:00,13340
2020-06-26 00:00:00,12620
2020-06-26 01:00:00,12129
2020-06-26 02:00:00,11857
2020-06-26 03:00:00,11826
2020-06-26 04:00:00,11991
2020-06-26 05:00:00,12631
2020-06-26 06:00:00,13721
2020-06-26 07:00:00,14609
2020-06-26 08:00:00,15386
2020-06-26 09:00:00,15845
2020-06-26 10:00:00,16356
2020-06-26 11:00:00,16881
2020-06-26 12:00:00,17275
2020-06-26 13:00:00,17593
2020-06-26 14:00:00,17849
2020-06-26 15:00:00,18113
2020-06-26 16:00:00,18467
2020-06-26 17:00:00,18850
2020-06-26 18:00:00,18845
2020-06-26 19:00:00,17994
2020-06-26 20:00:00,17359
2020-06-26 21:00:00,16442
2020-06-26 22:00:00,15188
2020-06-26 23:00:00,13911
2020-06-27 00:00:00,13151
2020-06-27 01:00:00,12605
2020-06-27 02:00:00,12369
2020-06-27 03:00:00,12407
2020-06-27 04:00:00,12358
2020-06-27 05:00:00,12474
2020-06-27 06:00:00,12942
2020-06-27 07:00:00,13560
2020-06-27 08:00:00,14467
2020-06-27 09:00:00,15613
2020-06-27 10:00:00,16410
2020-06-27 11:00:00,16758
2020-06-27 12:00:00,16791
2020-06-27 13:00:00,17003
2020-06-27 14:00:00,17415
2020-06-27 15:00:00,17991
2020-06-27 16:00:00,18501
2020-06-27 17:00:00,18548
2020-06-27 18:00:00,18267
2020-06-27 19:00:00,17713
2020-06-27 20:00:00,17341
2020-06-27 21:00:00,16583
2020-06-27 22:00:00,15177
2020-06-27 23:00:00,14125
2020-06-28 00:00:00,13297
2020-06-28 01:00:00,12716
2020-06-28 02:00:00,12233
2020-06-28 03:00:00,11910
2020-06-28 04:00:00,11662
2020-06-28 05:00:00,11676
2020-06-28 06:00:00,12325
2020-06-28 07:00:00,13231
2020-06-28 08:00:00,14128
2020-06-28 09:00:00,15132
2020-06-28 10:00:00,15894
2020-06-28 11:00:00,16466
2020-06-28 12:00:00,16853
2020-06-28 13:00:00,17116
2020-06-28 14:00:00,17399
2020-06-28 15:00:00,17978
2020-06-28 16:00:00,18723
2020-06-28 17:00:00,19312
2020-06-28 18:00:00,19206
2020-06-28 19:00:00,18545
2020-06-28 20:00:00,17855
2020-06-28 21:00:00,16954
2020-06-28 22:00:00,15512
2020-06-28 23:00:00,14240
2020-06-29 00:00:00,13613
2020-06-29 01:00:00,12740
2020-06-29 02:00:00,12352
2020-06-29 03:00:00,12325
2020-06-29 04:00:00,12489
2020-06-29 05:00:00,13306
2020-06-29 06:00:00,14615
2020-06-29 07:00:00,15894
2020-06-29 08:00:00,17046
2020-06-29 09:00:00,18019
2020-06-29 10:00:00,18876
2020-06-29 11:00:00,19477
2020-06-29 12:00:00,19815
2020-06-29 13:00:00,20195
2020-06-29 14:00:00,20474
2020-06-29 15:00:00,20811
2020-06-29 16:00:00,21257
2020-06-29 17:00:00,21292
2020-06-29 18:00:00,21088
2020-06-29 19:00:00,20391
2020-06-29 20:00:00,19546
2020-06-29 21:00:00,18504
2020-06-29 22:00:00,16978
2020-06-29 23:00:00,15500
2020-06-30 00:00:00,14494
2020-06-30 01:00:00,13698
2020-06-30 02:00:00,13199
2020-06-30 03:00:00,12970
2020-06-30 04:00:00,13323
2020-06-30 05:00:00,13762
2020-06-30 06:00:00,15048
2020-06-30 07:00:00,16426
2020-06-30 08:00:00,17386
2020-06-30 09:00:00,18166
2020-06-30 10:00:00,18715
2020-06-30 11:00:00,18993
2020-06-30 12:00:00,19288
2020-06-30 13:00:00,19412
2020-06-30 14:00:00,19710
2020-06-30 15:00:00,20244
2020-06-30 16:00:00,20723
2020-06-30 17:00:00,20597
2020-06-30 18:00:00,20200
2020-06-30 19:00:00,19398
2020-06-30 20:00:00,18810
2020-06-30 21:00:00,17792
2020-06-30 22:00:00,16365
2020-06-30 23:00:00,15198
2020-07-01 00:00:00,14250
2020-07-01 01:00:00,13463
2020-07-01 02:00:00,12932
2020-07-01 03:00:00,12665
2020-07-01 04:00:00,12566
2020-07-01 05:00:00,12740
2020-07-01 06:00:00,13742
2020-07-01 07:00:00,15220
2020-07-01 08:00:00,16202
2020-07-01 09:00:00,17082
2020-07-01 10:00:00,17882
2020-07-01 11:00:00,18340
2020-07-01 12:00:00,18740
2020-07-01 13:00:00,18857
2020-07-01 14:00:00,19008
2020-07-01 15:00:00,19572
2020-07-01 16:00:00,20102
2020-07-01 17:00:00,20280
2020-07-01 18:00:00,20138
2020-07-01 19:00:00,19455
2020-07-01 20:00:00,19047
2020-07-01 21:00:00,18234
2020-07-01 22:00:00,16883
2020-07-01 23:00:00,15520
2020-07-02 00:00:00,14425
2020-07-02 01:00:00,13659
2020-07-02 02:00:00,13264
2020-07-02 03:00:00,13118
2020-07-02 04:00:00,13237
2020-07-02 05:00:00,13799
2020-07-02 06:00:00,15125
2020-07-02 07:00:00,16883
2020-07-02 08:00:00,18256
2020-07-02 09:00:00,19251
2020-07-02 10:00:00,20075
2020-07-02 11:00:00,20942
2020-07-02 12:00:00,21480
2020-07-02 13:00:00,21502
2020-07-02 14:00:00,21861
2020-07-02 15:00:00,22150
2020-07-02 16:00:00,22457
2020-07-02 17:00:00,22315
2020-07-02 18:00:00,22050
2020-07-02 19:00:00,21431
2020-07-02 20:00:00,20818
2020-07-02 21:00:00,19613
2020-07-02 22:00:00,17762
2020-07-02 23:00:00,16221
2020-07-03 00:00:00,15188
2020-07-03 01:00:00,14406
2020-07-03 02:00:00,13820
2020-07-03 03:00:00,13655
2020-07-03 04:00:00,13754
2020-07-03 05:00:00,14252
2020-07-03 06:00:00,15541
2020-07-03 07:00:00,16895
2020-07-03 08:00:00,18027
2020-07-03 09:00:00,19102
2020-07-03 10:00:00,19746
2020-07-03 11:00:00,20466
2020-07-03 12:00:00,20822
2020-07-03 13:00:00,21161
2020-07-03 14:00:00,21397
2020-07-03 15:00:00,21862
2020-07-03 16:00:00,22433
2020-07-03 17:00:00,22522
2020-07-03 18:00:00,22306
2020-07-03 19:00:00,21079
2020-07-03 20:00:00,20380
2020-07-03 21:00:00,19105
2020-07-03 22:00:00,17678
2020-07-03 23:00:00,16360
2020-07-04 00:00:00,15367
2020-07-04 01:00:00,14483
2020-07-04 02:00:00,13852
2020-07-04 03:00:00,13299
2020-07-04 04:00:00,12984
2020-07-04 05:00:00,13018
2020-07-04 06:00:00,13913
2020-07-04 07:00:00,15090
2020-07-04 08:00:00,16131
2020-07-04 09:00:00,17137
2020-07-04 10:00:00,17946
2020-07-04 11:00:00,18297
2020-07-04 12:00:00,18508
2020-07-04 13:00:00,18774
2020-07-04 14:00:00,19076
2020-07-04 15:00:00,19619
2020-07-04 16:00:00,20392
2020-07-04 17:00:00,20701
2020-07-04 18:00:00,20334
2020-07-04 19:00:00,19665
2020-07-04 20:00:00,18620
2020-07-04 21:00:00,17641
2020-07-04 22:00:00,16205
2020-07-04 23:00:00,14939
2020-07-05 00:00:00,14110
2020-07-05 01:00:00,13418
2020-07-05 02:00:00,12718
2020-07-05 03:00:00,12419
2020-07-05 04:00:00,12235
2020-07-05 05:00:00,12154
2020-07-05 06:00:00,12812
2020-07-05 07:00:00,13832
2020-07-05 08:00:00,14897
2020-07-05 09:00:00,16116
2020-07-05 10:00:00,17131
2020-07-05 11:00:00,17900
2020-07-05 12:00:00,18486
2020-07-05 13:00:00,18976
2020-07-05 14:00:00,19526
2020-07-05 15:00:00,20281
2020-07-05 16:00:00,21015
2020-07-05 17:00:00,21163
2020-07-05 18:00:00,20867
2020-07-05 19:00:00,20281
2020-07-05 20:00:00,19580
2020-07-05 21:00:00,18754
2020-07-05 22:00:00,17357
2020-07-05 23:00:00,15917
2020-07-06 00:00:00,15183
2020-07-06 01:00:00,14497
2020-07-06 02:00:00,13995
2020-07-06 03:00:00,13776
2020-07-06 04:00:00,13819
2020-07-06 05:00:00,14575
2020-07-06 06:00:00,16119
2020-07-06 07:00:00,17483
2020-07-06 08:00:00,18665
2020-07-06 09:00:00,19650
2020-07-06 10:00:00,20552
2020-07-06 11:00:00,21218
2020-07-06 12:00:00,21614
2020-07-06 13:00:00,21981
2020-07-06 14:00:00,22256
2020-07-06 15:00:00,22680
2020-07-06 16:00:00,23191
2020-07-06 17:00:00,23173
2020-07-06 18:00:00,22864
2020-07-06 19:00:00,22001
2020-07-06 20:00:00,21168
2020-07-06 21:00:00,19790
2020-07-06 22:00:00,18107
2020-07-06 23:00:00,16680
2020-07-07 00:00:00,15690
2020-07-07 01:00:00,14904
2020-07-07 02:00:00,14340
2020-07-07 03:00:00,14132
2020-07-07 04:00:00,14132
2020-07-07 05:00:00,14831
2020-07-07 06:00:00,16293
2020-07-07 07:00:00,18103
2020-07-07 08:00:00,19264
2020-07-07 09:00:00,20345
2020-07-07 10:00:00,21283
2020-07-07 11:00:00,22212
2020-07-07 12:00:00,22913
2020-07-07 13:00:00,23290
2020-07-07 14:00:00,23451
2020-07-07 15:00:00,23753
2020-07-07 16:00:00,24281
2020-07-07 17:00:00,24100
2020-07-07 18:00:00,23627
2020-07-07 19:00:00,22820
2020-07-07 20:00:00,22321
2020-07-07 21:00:00,21130
2020-07-07 22:00:00,19367
2020-07-07 23:00:00,17801
2020-07-08 00:00:00,16709
2020-07-08 01:00:00,16070
2020-07-08 02:00:00,15623
2020-07-08 03:00:00,15445
2020-07-08 04:00:00,15523
2020-07-08 05:00:00,16164
2020-07-08 06:00:00,17710
2020-07-08 07:00:00,19259
2020-07-08 08:00:00,20344
2020-07-08 09:00:00,21377
2020-07-08 10:00:00,22119
2020-07-08 11:00:00,22912
2020-07-08 12:00:00,23499
2020-07-08 13:00:00,23383
2020-07-08 14:00:00,22791
2020-07-08 15:00:00,22932
2020-07-08 16:00:00,23841
2020-07-08 17:00:00,24050
2020-07-08 18:00:00,23724
2020-07-08 19:00:00,22992
2020-07-08 20:00:00,22330
2020-07-08 21:00:00,21162
2020-07-08 22:00:00,19106
2020-07-08 23:00:00,17713
2020-07-09 00:00:00,16735
2020-07-09 01:00:00,15889
2020-07-09 02:00:00,15318
2020-07-09 03:00:00,14996
2020-07-09 04:00:00,15014
2020-07-09 05:00:00,15652
2020-07-09 06:00:00,17142
2020-07-09 07:00:00,18727
2020-07-09 08:00:00,20165
2020-07-09 09:00:00,21177
2020-07-09 10:00:00,22195
2020-07-09 11:00:00,23236
2020-07-09 12:00:00,23756
2020-07-09 13:00:00,24079
2020-07-09 14:00:00,24360
2020-07-09 15:00:00,24307
2020-07-09 16:00:00,24446
2020-07-09 17:00:00,24353
2020-07-09 18:00:00,24149
2020-07-09 19:00:00,23179
2020-07-09 20:00:00,22682
2020-07-09 21:00:00,21663
2020-07-09 22:00:00,19991
2020-07-09 23:00:00,18738
2020-07-10 00:00:00,17641
2020-07-10 01:00:00,16552
2020-07-10 02:00:00,16327
2020-07-10 03:00:00,15922
2020-07-10 04:00:00,15732
2020-07-10 05:00:00,16362
2020-07-10 06:00:00,17864
2020-07-10 07:00:00,19551
2020-07-10 08:00:00,20990
2020-07-10 09:00:00,22072
2020-07-10 10:00:00,22831
2020-07-10 11:00:00,23562
2020-07-10 12:00:00,23791
2020-07-10 13:00:00,23719
2020-07-10 14:00:00,23735
2020-07-10 15:00:00,23670
2020-07-10 16:00:00,23704
2020-07-10 17:00:00,22972
2020-07-10 18:00:00,22353
2020-07-10 19:00:00,21826
2020-07-10 20:00:00,21571
2020-07-10 21:00:00,20117
2020-07-10 22:00:00,18631
2020-07-10 23:00:00,17062
2020-07-11 00:00:00,16127
2020-07-11 01:00:00,15330
2020-07-11 02:00:00,14855
2020-07-11 03:00:00,14538
2020-07-11 04:00:00,14414
2020-07-11 05:00:00,14390
2020-07-11 06:00:00,15174
2020-07-11 07:00:00,15793
2020-07-11 08:00:00,16413
2020-07-11 09:00:00,17160
2020-07-11 10:00:00,17677
2020-07-11 11:00:00,18080
2020-07-11 12:00:00,18486
2020-07-11 13:00:00,18624
2020-07-11 14:00:00,18242
2020-07-11 15:00:00,18373
2020-07-11 16:00:00,18563
2020-07-11 17:00:00,18607
2020-07-11 18:00:00,18185
2020-07-11 19:00:00,17809
2020-07-11 20:00:00,17668
2020-07-11 21:00:00,16758
2020-07-11 22:00:00,15612
2020-07-11 23:00:00,14390
2020-07-12 00:00:00,13505
2020-07-12 01:00:00,13012
2020-07-12 02:00:00,12615
2020-07-12 03:00:00,12437
2020-07-12 04:00:00,12281
2020-07-12 05:00:00,12330
2020-07-12 06:00:00,12916
2020-07-12 07:00:00,13800
2020-07-12 08:00:00,14807
2020-07-12 09:00:00,15837
2020-07-12 10:00:00,16505
2020-07-12 11:00:00,16969
2020-07-12 12:00:00,17220
2020-07-12 13:00:00,17395
2020-07-12 14:00:00,17539
2020-07-12 15:00:00,17747
2020-07-12 16:00:00,18338
2020-07-12 17:00:00,18235
2020-07-12 18:00:00,17706
2020-07-12 19:00:00,17154
2020-07-12 20:00:00,17011
2020-07-12 21:00:00,16130
2020-07-12 22:00:00,14950
2020-07-12 23:00:00,13906
2020-07-13 00:00:00,13273
2020-07-13 01:00:00,12834
2020-07-13 02:00:00,12545
2020-07-13 03:00:00,12549
2020-07-13 04:00:00,12848
2020-07-13 05:00:00,13603
2020-07-13 06:00:00,14743
2020-07-13 07:00:00,15636
2020-07-13 08:00:00,16166
2020-07-13 09:00:00,16684
2020-07-13 10:00:00,17220
2020-07-13 11:00:00,17697
2020-07-13 12:00:00,18045
2020-07-13 13:00:00,17941
2020-07-13 14:00:00,17859
2020-07-13 15:00:00,18495
2020-07-13 16:00:00,19115
2020-07-13 17:00:00,19073
2020-07-13 18:00:00,18745
2020-07-13 19:00:00,18132
2020-07-13 20:00:00,17545
2020-07-13 21:00:00,16585
2020-07-13 22:00:00,15147
2020-07-13 23:00:00,14039
2020-07-14 00:00:00,13329
2020-07-14 01:00:00,12866
2020-07-14 02:00:00,12660
2020-07-14 03:00:00,12563
2020-07-14 04:00:00,12789
2020-07-14 05:00:00,13524
2020-07-14 06:00:00,14693
2020-07-14 07:00:00,15583
2020-07-14 08:00:00,16110
2020-07-14 09:00:00,16687
2020-07-14 10:00:00,17411
2020-07-14 11:00:00,17953
2020-07-14 12:00:00,18312
2020-07-14 13:00:00,18533
2020-07-14 14:00:00,18800
2020-07-14 15:00:00,19531
2020-07-14 16:00:00,20290
2020-07-14 17:00:00,20528
2020-07-14 18:00:00,20081
2020-07-14 19:00:00,19152
2020-07-14 20:00:00,18815
2020-07-14 21:00:00,17751
2020-07-14 22:00:00,15998
2020-07-14 23:00:00,14979
2020-07-15 00:00:00,14131
2020-07-15 01:00:00,13347
2020-07-15 02:00:00,13008
2020-07-15 03:00:00,12891
2020-07-15 04:00:00,13139
2020-07-15 05:00:00,13722
2020-07-15 06:00:00,15093
2020-07-15 07:00:00,16581
2020-07-15 08:00:00,17547
2020-07-15 09:00:00,18197
2020-07-15 10:00:00,18882
2020-07-15 11:00:00,19488
2020-07-15 12:00:00,20048
2020-07-15 13:00:00,20173
2020-07-15 14:00:00,20518
2020-07-15 15:00:00,21075
2020-07-15 16:00:00,21617
2020-07-15 17:00:00,21439
2020-07-15 18:00:00,21011
2020-07-15 19:00:00,19963
2020-07-15 20:00:00,19243
2020-07-15 21:00:00,18232
2020-07-15 22:00:00,16911
2020-07-15 23:00:00,15740
2020-07-16 00:00:00,14700
2020-07-16 01:00:00,14072
2020-07-16 02:00:00,13719
2020-07-16 03:00:00,13691
2020-07-16 04:00:00,13913
2020-07-16 05:00:00,14793
2020-07-16 06:00:00,16249
2020-07-16 07:00:00,17461
2020-07-16 08:00:00,18083
2020-07-16 09:00:00,18305
2020-07-16 10:00:00,18731
2020-07-16 11:00:00,19260
2020-07-16 12:00:00,19434
2020-07-16 13:00:00,19335
2020-07-16 14:00:00,19341
2020-07-16 15:00:00,19495
2020-07-16 16:00:00,19917
2020-07-16 17:00:00,19845
2020-07-16 18:00:00,19406
2020-07-16 19:00:00,19251
2020-07-16 20:00:00,18854
2020-07-16 21:00:00,17768
2020-07-16 22:00:00,16581
2020-07-16 23:00:00,15389
2020-07-17 00:00:00,14526
2020-07-17 01:00:00,13892
2020-07-17 02:00:00,13448
2020-07-17 03:00:00,13367
2020-07-17 04:00:00,13531
2020-07-17 05:00:00,14234
2020-07-17 06:00:00,15452
2020-07-17 07:00:00,16735
2020-07-17 08:00:00,17704
2020-07-17 09:00:00,18346
2020-07-17 10:00:00,19275
2020-07-17 11:00:00,19738
2020-07-17 12:00:00,20144
2020-07-17 13:00:00,20519
2020-07-17 14:00:00,20814
2020-07-17 15:00:00,21580
2020-07-17 16:00:00,22158
2020-07-17 17:00:00,22400
2020-07-17 18:00:00,22032
2020-07-17 19:00:00,21086
2020-07-17 20:00:00,20248
2020-07-17 21:00:00,19153
2020-07-17 22:00:00,17517
2020-07-17 23:00:00,16040
2020-07-18 00:00:00,14912
2020-07-18 01:00:00,14164
2020-07-18 02:00:00,13563
2020-07-18 03:00:00,13291
2020-07-18 04:00:00,13154
2020-07-18 05:00:00,13375
2020-07-18 06:00:00,14273
2020-07-18 07:00:00,15665
2020-07-18 08:00:00,16932
2020-07-18 09:00:00,18009
2020-07-18 10:00:00,18903
2020-07-18 11:00:00,19384
2020-07-18 12:00:00,19603
2020-07-18 13:00:00,20134
2020-07-18 14:00:00,20613
2020-07-18 15:00:00,21571
2020-07-18 16:00:00,21752
2020-07-18 17:00:00,21828
2020-07-18 18:00:00,21551
2020-07-18 19:00:00,20618
2020-07-18 20:00:00,19910
2020-07-18 21:00:00,18963
2020-07-18 22:00:00,17688
2020-07-18 23:00:00,16389
2020-07-19 00:00:00,15419
2020-07-19 01:00:00,14674
2020-07-19 02:00:00,14166
2020-07-19 03:00:00,13943
2020-07-19 04:00:00,13731
2020-07-19 05:00:00,13726
2020-07-19 06:00:00,14627
2020-07-19 07:00:00,15982
2020-07-19 08:00:00,17384
2020-07-19 09:00:00,18938
2020-07-19 10:00:00,20203
2020-07-19 11:00:00,20234
2020-07-19 12:00:00,18949
2020-07-19 13:00:00,18017
2020-07-19 14:00:00,18091
2020-07-19 15:00:00,18814
2020-07-19 16:00:00,19063
2020-07-19 17:00:00,19002
2020-07-19 18:00:00,18653
2020-07-19 19:00:00,18228
2020-07-19 20:00:00,18146
2020-07-19 21:00:00,17451
2020-07-19 22:00:00,16476
2020-07-19 23:00:00,15461
2020-07-20 00:00:00,14769
2020-07-20 01:00:00,14205
2020-07-20 02:00:00,13722
2020-07-20 03:00:00,13613
2020-07-20 04:00:00,13895
2020-07-20 05:00:00,14533
2020-07-20 06:00:00,15939
2020-07-20 07:00:00,17494
2020-07-20 08:00:00,18319
2020-07-20 09:00:00,18872
2020-07-20 10:00:00,19453
2020-07-20 11:00:00,19974
2020-07-20 12:00:00,19886
2020-07-20 13:00:00,20011
2020-07-20 14:00:00,20172
2020-07-20 15:00:00,20526
2020-07-20 16:00:00,20964
2020-07-20 17:00:00,20923
2020-07-20 18:00:00,20467
2020-07-20 19:00:00,19457
2020-07-20 20:00:00,18625
2020-07-20 21:00:00,17412
2020-07-20 22:00:00,15944
2020-07-20 23:00:00,14820
2020-07-21 00:00:00,13880
2020-07-21 01:00:00,13429
2020-07-21 02:00:00,13176
2020-07-21 03:00:00,13020
2020-07-21 04:00:00,13166
2020-07-21 05:00:00,13769
2020-07-21 06:00:00,14907
2020-07-21 07:00:00,15762
2020-07-21 08:00:00,16397
2020-07-21 09:00:00,16988
2020-07-21 10:00:00,17430
2020-07-21 11:00:00,17668
2020-07-21 12:00:00,17791
2020-07-21 13:00:00,18329
2020-07-21 14:00:00,18585
2020-07-21 15:00:00,19144
2020-07-21 16:00:00,19664
2020-07-21 17:00:00,19877
2020-07-21 18:00:00,19479
2020-07-21 19:00:00,18464
2020-07-21 20:00:00,18149
2020-07-21 21:00:00,17101
2020-07-21 22:00:00,15801
2020-07-21 23:00:00,14786
2020-07-22 00:00:00,14207
2020-07-22 01:00:00,13751
2020-07-22 02:00:00,13379
2020-07-22 03:00:00,13042
2020-07-22 04:00:00,13259
2020-07-22 05:00:00,13902
2020-07-22 06:00:00,15062
2020-07-22 07:00:00,15953
2020-07-22 08:00:00,16523
2020-07-22 09:00:00,16986
2020-07-22 10:00:00,17563
2020-07-22 11:00:00,18322
2020-07-22 12:00:00,18795
2020-07-22 13:00:00,19052
2020-07-22 14:00:00,19261
2020-07-22 15:00:00,19444
2020-07-22 16:00:00,19706
2020-07-22 17:00:00,19972
2020-07-22 18:00:00,19807
2020-07-22 19:00:00,19249
2020-07-22 20:00:00,18946
2020-07-22 21:00:00,17843
2020-07-22 22:00:00,16366
2020-07-22 23:00:00,15127
2020-07-23 00:00:00,14244
2020-07-23 01:00:00,13705
2020-07-23 02:00:00,13340
2020-07-23 03:00:00,13180
2020-07-23 04:00:00,13432
2020-07-23 05:00:00,14142
2020-07-23 06:00:00,15264
2020-07-23 07:00:00,16254
2020-07-23 08:00:00,16889
2020-07-23 09:00:00,17389
2020-07-23 10:00:00,17737
2020-07-23 11:00:00,18269
2020-07-23 12:00:00,18750
2020-07-23 13:00:00,19083
2020-07-23 14:00:00,19447
2020-07-23 15:00:00,19876
2020-07-23 16:00:00,20522
2020-07-23 17:00:00,20458
2020-07-23 18:00:00,19995
2020-07-23 19:00:00,19274
2020-07-23 20:00:00,18642
2020-07-23 21:00:00,17516
2020-07-23 22:00:00,15970
2020-07-23 23:00:00,14580
2020-07-24 00:00:00,13703
2020-07-24 01:00:00,13239
2020-07-24 02:00:00,12775
2020-07-24 03:00:00,12754
2020-07-24 04:00:00,13079
2020-07-24 05:00:00,13746
2020-07-24 06:00:00,14905
2020-07-24 07:00:00,15953
2020-07-24 08:00:00,16666
2020-07-24 09:00:00,17394
2020-07-24 10:00:00,18228
2020-07-24 11:00:00,18767
2020-07-24 12:00:00,19081
2020-07-24 13:00:00,19296
2020-07-24 14:00:00,19602
2020-07-24 15:00:00,20224
2020-07-24 16:00:00,21007
2020-07-24 17:00:00,21112
2020-07-24 18:00:00,20923
2020-07-24 19:00:00,19885
2020-07-24 20:00:00,19068
2020-07-24 21:00:00,17917
2020-07-24 22:00:00,16420
2020-07-24 23:00:00,15119
2020-07-25 00:00:00,14124
2020-07-25 01:00:00,13416
2020-07-25 02:00:00,12981
2020-07-25 03:00:00,12649
2020-07-25 04:00:00,12557
2020-07-25 05:00:00,12675
2020-07-25 06:00:00,13523
2020-07-25 07:00:00,14620
2020-07-25 08:00:00,15875
2020-07-25 09:00:00,16794
2020-07-25 10:00:00,17770
2020-07-25 11:00:00,18378
2020-07-25 12:00:00,18830
2020-07-25 13:00:00,19115
2020-07-25 14:00:00,19411
2020-07-25 15:00:00,20179
2020-07-25 16:00:00,20810
2020-07-25 17:00:00,20765
2020-07-25 18:00:00,20316
2020-07-25 19:00:00,19594
2020-07-25 20:00:00,19157
2020-07-25 21:00:00,17984
2020-07-25 22:00:00,16348
2020-07-25 23:00:00,15012
2020-07-26 00:00:00,14019
2020-07-26 01:00:00,13437
2020-07-26 02:00:00,12854
2020-07-26 03:00:00,12677
2020-07-26 04:00:00,12555
2020-07-26 05:00:00,12683
2020-07-26 06:00:00,13486
2020-07-26 07:00:00,14698
2020-07-26 08:00:00,16127
2020-07-26 09:00:00,17350
2020-07-26 10:00:00,18465
2020-07-26 11:00:00,19481
2020-07-26 12:00:00,20220
2020-07-26 13:00:00,20581
2020-07-26 14:00:00,20904
2020-07-26 15:00:00,21560
2020-07-26 16:00:00,22777
2020-07-26 17:00:00,22887
2020-07-26 18:00:00,22155
2020-07-26 19:00:00,21561
2020-07-26 20:00:00,21178
2020-07-26 21:00:00,20004
2020-07-26 22:00:00,18457
2020-07-26 23:00:00,17162
2020-07-27 00:00:00,16282
2020-07-27 01:00:00,15608
2020-07-27 02:00:00,15206
2020-07-27 03:00:00,15093
2020-07-27 04:00:00,15333
2020-07-27 05:00:00,16245
2020-07-27 06:00:00,18049
2020-07-27 07:00:00,19461
2020-07-27 08:00:00,20529
2020-07-27 09:00:00,21558
2020-07-27 10:00:00,21815
2020-07-27 11:00:00,22459
2020-07-27 12:00:00,22273
2020-07-27 13:00:00,22679
2020-07-27 14:00:00,23675
2020-07-27 15:00:00,23618
2020-07-27 16:00:00,23909
2020-07-27 17:00:00,23685
2020-07-27 18:00:00,23307
2020-07-27 19:00:00,22424
2020-07-27 20:00:00,22047
2020-07-27 21:00:00,20351
2020-07-27 22:00:00,18317
2020-07-27 23:00:00,16829
2020-07-28 00:00:00,15851
2020-07-28 01:00:00,14900
2020-07-28 02:00:00,14444
2020-07-28 03:00:00,14298
2020-07-28 04:00:00,14481
2020-07-28 05:00:00,15008
2020-07-28 06:00:00,16203
2020-07-28 07:00:00,17309
2020-07-28 08:00:00,18036
2020-07-28 09:00:00,18643
2020-07-28 10:00:00,19267
2020-07-28 11:00:00,19749
2020-07-28 12:00:00,19911
2020-07-28 13:00:00,19953
2020-07-28 14:00:00,20251
2020-07-28 15:00:00,20548
2020-07-28 16:00:00,21193
2020-07-28 17:00:00,21402
2020-07-28 18:00:00,21188
2020-07-28 19:00:00,20389
2020-07-28 20:00:00,19588
2020-07-28 21:00:00,18469
2020-07-28 22:00:00,16871
2020-07-28 23:00:00,15548
2020-07-29 00:00:00,14769
2020-07-29 01:00:00,14076
2020-07-29 02:00:00,13792
2020-07-29 03:00:00,13826
2020-07-29 04:00:00,13971
2020-07-29 05:00:00,14680
2020-07-29 06:00:00,15448
2020-07-29 07:00:00,16505
2020-07-29 08:00:00,17491
2020-07-29 09:00:00,18258
2020-07-29 10:00:00,18761
2020-07-29 11:00:00,19637
2020-07-29 12:00:00,20290
2020-07-29 13:00:00,20233
2020-07-29 14:00:00,20539
2020-07-29 15:00:00,20985
2020-07-29 16:00:00,21716
2020-07-29 17:00:00,21794
2020-07-29 18:00:00,20968
2020-07-29 19:00:00,20063
2020-07-29 20:00:00,19491
2020-07-29 21:00:00,18344
2020-07-29 22:00:00,17024
2020-07-29 23:00:00,15726
2020-07-30 00:00:00,14678
2020-07-30 01:00:00,13948
2020-07-30 02:00:00,13446
2020-07-30 03:00:00,13255
2020-07-30 04:00:00,13530
2020-07-30 05:00:00,14014
2020-07-30 06:00:00,14883
2020-07-30 07:00:00,15911
2020-07-30 08:00:00,16756
2020-07-30 09:00:00,17475
2020-07-30 10:00:00,18415
2020-07-30 11:00:00,18942
2020-07-30 12:00:00,19172
2020-07-30 13:00:00,19413
2020-07-30 14:00:00,19605
2020-07-30 15:00:00,20041
2020-07-30 16:00:00,20669
2020-07-30 17:00:00,20546
2020-07-30 18:00:00,20245
2020-07-30 19:00:00,19516
2020-07-30 20:00:00,18987
2020-07-30 21:00:00,17857
2020-07-30 22:00:00,16377
2020-07-30 23:00:00,15069
2020-07-31 00:00:00,14178
2020-07-31 01:00:00,13616
2020-07-31 02:00:00,13433
2020-07-31 03:00:00,13155
2020-07-31 04:00:00,13369
2020-07-31 05:00:00,14067
2020-07-31 06:00:00,15101
2020-07-31 07:00:00,16132
2020-07-31 08:00:00,16925
2020-07-31 09:00:00,17719
2020-07-31 10:00:00,18524
2020-07-31 11:00:00,19317
2020-07-31 12:00:00,19528
2020-07-31 13:00:00,19790
2020-07-31 14:00:00,19940
2020-07-31 15:00:00,20349
2020-07-31 16:00:00,20811
2020-07-31 17:00:00,20726
2020-07-31 18:00:00,20390
2020-07-31 19:00:00,19518
2020-07-31 20:00:00,18859
2020-07-31 21:00:00,17832
2020-07-31 22:00:00,16266
2020-07-31 23:00:00,15084
2020-08-01 00:00:00,14193
2020-08-01 01:00:00,13452
2020-08-01 02:00:00,12987
2020-08-01 03:00:00,12715
2020-08-01 04:00:00,12691
2020-08-01 05:00:00,12693
2020-08-01 06:00:00,13407
2020-08-01 07:00:00,14622
2020-08-01 08:00:00,15772
2020-08-01 09:00:00,16772
2020-08-01 10:00:00,17659
2020-08-01 11:00:00,18411
2020-08-01 12:00:00,18608
2020-08-01 13:00:00,19180
2020-08-01 14:00:00,19198
2020-08-01 15:00:00,19525
2020-08-01 16:00:00,19592
2020-08-01 17:00:00,19224
2020-08-01 18:00:00,18616
2020-08-01 19:00:00,18017
2020-08-01 20:00:00,17934
2020-08-01 21:00:00,17171
2020-08-01 22:00:00,16191
2020-08-01 23:00:00,15153
2020-08-02 00:00:00,14297
2020-08-02 01:00:00,13680
2020-08-02 02:00:00,13193
2020-08-02 03:00:00,12935
2020-08-02 04:00:00,12800
2020-08-02 05:00:00,12831
2020-08-02 06:00:00,13334
2020-08-02 07:00:00,14206
2020-08-02 08:00:00,14897
2020-08-02 09:00:00,15791
2020-08-02 10:00:00,16462
2020-08-02 11:00:00,16988
2020-08-02 12:00:00,17084
2020-08-02 13:00:00,17215
2020-08-02 14:00:00,17617
2020-08-02 15:00:00,17845
2020-08-02 16:00:00,18090
2020-08-02 17:00:00,17790
2020-08-02 18:00:00,17113
2020-08-02 19:00:00,16904
2020-08-02 20:00:00,16522
2020-08-02 21:00:00,15603
2020-08-02 22:00:00,14728
2020-08-02 23:00:00,13831
2020-08-03 00:00:00,13133
2020-08-03 01:00:00,12636
2020-08-03 02:00:00,12270
2020-08-03 03:00:00,12052
2020-08-03 04:00:00,12051
2020-08-03 05:00:00,12188
2020-08-03 06:00:00,12612
2020-08-03 07:00:00,13293
2020-08-03 08:00:00,13907
2020-08-03 09:00:00,14710
2020-08-03 10:00:00,15452
2020-08-03 11:00:00,15998
2020-08-03 12:00:00,16367
2020-08-03 13:00:00,16730
2020-08-03 14:00:00,16879
2020-08-03 15:00:00,17216
2020-08-03 16:00:00,17455
2020-08-03 17:00:00,17511
2020-08-03 18:00:00,17064
2020-08-03 19:00:00,16805
2020-08-03 20:00:00,16611
2020-08-03 21:00:00,15651
2020-08-03 22:00:00,14488
2020-08-03 23:00:00,13681
2020-08-04 00:00:00,13135
2020-08-04 01:00:00,12769
2020-08-04 02:00:00,12572
2020-08-04 03:00:00,12620
2020-08-04 04:00:00,12931
2020-08-04 05:00:00,13752
2020-08-04 06:00:00,14874
2020-08-04 07:00:00,15892
2020-08-04 08:00:00,16399
2020-08-04 09:00:00,16876
2020-08-04 10:00:00,17198
2020-08-04 11:00:00,17718
2020-08-04 12:00:00,17955
2020-08-04 13:00:00,17971
2020-08-04 14:00:00,18095
2020-08-04 15:00:00,18380
2020-08-04 16:00:00,18616
2020-08-04 17:00:00,18187
2020-08-04 18:00:00,17938
2020-08-04 19:00:00,17587
2020-08-04 20:00:00,17066
2020-08-04 21:00:00,16007
2020-08-04 22:00:00,14716
2020-08-04 23:00:00,13739
2020-08-05 00:00:00,13145
2020-08-05 01:00:00,12796
2020-08-05 02:00:00,12462
2020-08-05 03:00:00,12379
2020-08-05 04:00:00,12579
2020-08-05 05:00:00,13106
2020-08-05 06:00:00,13838
2020-08-05 07:00:00,14671
2020-08-05 08:00:00,14934
2020-08-05 09:00:00,15155
2020-08-05 10:00:00,15427
2020-08-05 11:00:00,15774
2020-08-05 12:00:00,15883
2020-08-05 13:00:00,15894
2020-08-05 14:00:00,16025
2020-08-05 15:00:00,16480
2020-08-05 16:00:00,17070
2020-08-05 17:00:00,17263
2020-08-05 18:00:00,17011
2020-08-05 19:00:00,16506
2020-08-05 20:00:00,16110
2020-08-05 21:00:00,15196
2020-08-05 22:00:00,14201
2020-08-05 23:00:00,13182
2020-08-06 00:00:00,12395
2020-08-06 01:00:00,11977
2020-08-06 02:00:00,11773
2020-08-06 03:00:00,11723
2020-08-06 04:00:00,12088
2020-08-06 05:00:00,12675
2020-08-06 06:00:00,13477
2020-08-06 07:00:00,14093
2020-08-06 08:00:00,14482
2020-08-06 09:00:00,14926
2020-08-06 10:00:00,15383
2020-08-06 11:00:00,15876
2020-08-06 12:00:00,16272
2020-08-06 13:00:00,16344
2020-08-06 14:00:00,16420
2020-08-06 15:00:00,16941
2020-08-06 16:00:00,17731
2020-08-06 17:00:00,18269
2020-08-06 18:00:00,18009
2020-08-06 19:00:00,17382
2020-08-06 20:00:00,17259
2020-08-06 21:00:00,16068
2020-08-06 22:00:00,14787
2020-08-06 23:00:00,13671
2020-08-07 00:00:00,12890
2020-08-07 01:00:00,12424
2020-08-07 02:00:00,12154
2020-08-07 03:00:00,12104
2020-08-07 04:00:00,12472
2020-08-07 05:00:00,13166
2020-08-07 06:00:00,13828
2020-08-07 07:00:00,14804
2020-08-07 08:00:00,15489
2020-08-07 09:00:00,16017
2020-08-07 10:00:00,16486
2020-08-07 11:00:00,16946
2020-08-07 12:00:00,17226
2020-08-07 13:00:00,17417
2020-08-07 14:00:00,17777
2020-08-07 15:00:00,18177
2020-08-07 16:00:00,18735
2020-08-07 17:00:00,19016
2020-08-07 18:00:00,18762
2020-08-07 19:00:00,18037
2020-08-07 20:00:00,17500
2020-08-07 21:00:00,16400
2020-08-07 22:00:00,15166
2020-08-07 23:00:00,14076
2020-08-08 00:00:00,13253
2020-08-08 01:00:00,12693
2020-08-08 02:00:00,12314
2020-08-08 03:00:00,12094
2020-08-08 04:00:00,12118
2020-08-08 05:00:00,12228
2020-08-08 06:00:00,12778
2020-08-08 07:00:00,13594
2020-08-08 08:00:00,14446
2020-08-08 09:00:00,15265
2020-08-08 10:00:00,16122
2020-08-08 11:00:00,16667
2020-08-08 12:00:00,17016
2020-08-08 13:00:00,17231
2020-08-08 14:00:00,17579
2020-08-08 15:00:00,18028
2020-08-08 16:00:00,18605
2020-08-08 17:00:00,18767
2020-08-08 18:00:00,18292
2020-08-08 19:00:00,17543
2020-08-08 20:00:00,17032
2020-08-08 21:00:00,16204
2020-08-08 22:00:00,14987
2020-08-08 23:00:00,13904
2020-08-09 00:00:00,13084
2020-08-09 01:00:00,12600
2020-08-09 02:00:00,12287
2020-08-09 03:00:00,12051
2020-08-09 04:00:00,12094
2020-08-09 05:00:00,12200
2020-08-09 06:00:00,12696
2020-08-09 07:00:00,13643
2020-08-09 08:00:00,14834
2020-08-09 09:00:00,15950
2020-08-09 10:00:00,16997
2020-08-09 11:00:00,17872
2020-08-09 12:00:00,18221
2020-08-09 13:00:00,18502
2020-08-09 14:00:00,19003
2020-08-09 15:00:00,19864
2020-08-09 16:00:00,20502
2020-08-09 17:00:00,20676
2020-08-09 18:00:00,20167
2020-08-09 19:00:00,19956
2020-08-09 20:00:00,19569
2020-08-09 21:00:00,18435
2020-08-09 22:00:00,17030
2020-08-09 23:00:00,15862
2020-08-10 00:00:00,14964
2020-08-10 01:00:00,14371
2020-08-10 02:00:00,13989
2020-08-10 03:00:00,13903
2020-08-10 04:00:00,14190
2020-08-10 05:00:00,15027
2020-08-10 06:00:00,16234
2020-08-10 07:00:00,18003
2020-08-10 08:00:00,19168
2020-08-10 09:00:00,20609
2020-08-10 10:00:00,21444
2020-08-10 11:00:00,22051
2020-08-10 12:00:00,22566
2020-08-10 13:00:00,22671
2020-08-10 14:00:00,22888
2020-08-10 15:00:00,23389
2020-08-10 16:00:00,23767
2020-08-10 17:00:00,23823
2020-08-10 18:00:00,23337
2020-08-10 19:00:00,22534
2020-08-10 20:00:00,21638
2020-08-10 21:00:00,20139
2020-08-10 22:00:00,18423
2020-08-10 23:00:00,16920
2020-08-11 00:00:00,15857
2020-08-11 01:00:00,15281
2020-08-11 02:00:00,14954
2020-08-11 03:00:00,15047
2020-08-11 04:00:00,15060
2020-08-11 05:00:00,15869
2020-08-11 06:00:00,17011
2020-08-11 07:00:00,18308
2020-08-11 08:00:00,18954
2020-08-11 09:00:00,20240
2020-08-11 10:00:00,20834
2020-08-11 11:00:00,21136
2020-08-11 12:00:00,21307
2020-08-11 13:00:00,21508
2020-08-11 14:00:00,21499
2020-08-11 15:00:00,21830
2020-08-11 16:00:00,21980
2020-08-11 17:00:00,21771
2020-08-11 18:00:00,21120
2020-08-11 19:00:00,20276
2020-08-11 20:00:00,19330
2020-08-11 21:00:00,17686
2020-08-11 22:00:00,16032
2020-08-11 23:00:00,14905
2020-08-12 00:00:00,14001
2020-08-12 01:00:00,13385
2020-08-12 02:00:00,13053
2020-08-12 03:00:00,12882
2020-08-12 04:00:00,13005
2020-08-12 05:00:00,13709
2020-08-12 06:00:00,14608
2020-08-12 07:00:00,15847
2020-08-12 08:00:00,16669
2020-08-12 09:00:00,17532
2020-08-12 10:00:00,18331
2020-08-12 11:00:00,18991
2020-08-12 12:00:00,19355
2020-08-12 13:00:00,19903
2020-08-12 14:00:00,20384
2020-08-12 15:00:00,21345
2020-08-12 16:00:00,21913
2020-08-12 17:00:00,22078
2020-08-12 18:00:00,21783
2020-08-12 19:00:00,20770
2020-08-12 20:00:00,20177
2020-08-12 21:00:00,18760
2020-08-12 22:00:00,17083
2020-08-12 23:00:00,15764
2020-08-13 00:00:00,14716
2020-08-13 01:00:00,13966
2020-08-13 02:00:00,13548
2020-08-13 03:00:00,13503
2020-08-13 04:00:00,13730
2020-08-13 05:00:00,14332
2020-08-13 06:00:00,15244
2020-08-13 07:00:00,16496
2020-08-13 08:00:00,17538
2020-08-13 09:00:00,18602
2020-08-13 10:00:00,19311
2020-08-13 11:00:00,20027
2020-08-13 12:00:00,20602
2020-08-13 13:00:00,21121
2020-08-13 14:00:00,21415
2020-08-13 15:00:00,21867
2020-08-13 16:00:00,22323
2020-08-13 17:00:00,22058
2020-08-13 18:00:00,21635
2020-08-13 19:00:00,20793
2020-08-13 20:00:00,20268
2020-08-13 21:00:00,18823
2020-08-13 22:00:00,17098
2020-08-13 23:00:00,15748
2020-08-14 00:00:00,14719
2020-08-14 01:00:00,13935
2020-08-14 02:00:00,13521
2020-08-14 03:00:00,13359
2020-08-14 04:00:00,13611
2020-08-14 05:00:00,14226
2020-08-14 06:00:00,15281
2020-08-14 07:00:00,16737
2020-08-14 08:00:00,17839
2020-08-14 09:00:00,18458
2020-08-14 10:00:00,19083
2020-08-14 11:00:00,19465
2020-08-14 12:00:00,19953
2020-08-14 13:00:00,20211
2020-08-14 14:00:00,20404
2020-08-14 15:00:00,20623
2020-08-14 16:00:00,21155
2020-08-14 17:00:00,21265
2020-08-14 18:00:00,20746
2020-08-14 19:00:00,19780
2020-08-14 20:00:00,18826
2020-08-14 21:00:00,17683
2020-08-14 22:00:00,16308
2020-08-14 23:00:00,14919
2020-08-15 00:00:00,14000
2020-08-15 01:00:00,13311
2020-08-15 02:00:00,13066
2020-08-15 03:00:00,12820
2020-08-15 04:00:00,12791
2020-08-15 05:00:00,12854
2020-08-15 06:00:00,13358
2020-08-15 07:00:00,14343
2020-08-15 08:00:00,15379
2020-08-15 09:00:00,16300
2020-08-15 10:00:00,17276
2020-08-15 11:00:00,18038
2020-08-15 12:00:00,18529
2020-08-15 13:00:00,18908
2020-08-15 14:00:00,19391
2020-08-15 15:00:00,19668
2020-08-15 16:00:00,20055
2020-08-15 17:00:00,20043
2020-08-15 18:00:00,19364
2020-08-15 19:00:00,18891
2020-08-15 20:00:00,18399
2020-08-15 21:00:00,17324
2020-08-15 22:00:00,16118
2020-08-15 23:00:00,15063
2020-08-16 00:00:00,14128
2020-08-16 01:00:00,13612
2020-08-16 02:00:00,13188
2020-08-16 03:00:00,12985
2020-08-16 04:00:00,12638
2020-08-16 05:00:00,12612
2020-08-16 06:00:00,12923
2020-08-16 07:00:00,13829
2020-08-16 08:00:00,14830
2020-08-16 09:00:00,15912
2020-08-16 10:00:00,16286
2020-08-16 11:00:00,16570
2020-08-16 12:00:00,16464
2020-08-16 13:00:00,16488
2020-08-16 14:00:00,16750
2020-08-16 15:00:00,17166
2020-08-16 16:00:00,18051
2020-08-16 17:00:00,18221
2020-08-16 18:00:00,17850
2020-08-16 19:00:00,17426
2020-08-16 20:00:00,17168
2020-08-16 21:00:00,16031
2020-08-16 22:00:00,15043
2020-08-16 23:00:00,13968
2020-08-17 00:00:00,13382
2020-08-17 01:00:00,12955
2020-08-17 02:00:00,12541
2020-08-17 03:00:00,12499
2020-08-17 04:00:00,12897
2020-08-17 05:00:00,13480
2020-08-17 06:00:00,14154
2020-08-17 07:00:00,15188
2020-08-17 08:00:00,16258
2020-08-17 09:00:00,17029
2020-08-17 10:00:00,17386
2020-08-17 11:00:00,18054
2020-08-17 12:00:00,18379
2020-08-17 13:00:00,18389
2020-08-17 14:00:00,17760
2020-08-17 15:00:00,18124
2020-08-17 16:00:00,18509
2020-08-17 17:00:00,18566
2020-08-17 18:00:00,18015
2020-08-17 19:00:00,17648
2020-08-17 20:00:00,17251
2020-08-17 21:00:00,16067
2020-08-17 22:00:00,14749
2020-08-17 23:00:00,13744
